2026-09-05T18:24:28 [INFO] [task_runner] Starting task runner session with PID 68990
2026-09-05T18:24:28 [INFO] [task_runner] Executing task task_01_create_issue (attempt 1/1)
2026-09-05T18:24:28 [INFO] [task_runner] Executing task task_02_create_issue_with_label (attempt 1/1)
2026-09-05T18:24:28 [INFO] [task_runner] Executing task task_03_create_branch (attempt 1/1)
2026-09-05T18:24:44 [INFO] [task_runner] Starting task runner session with PID 68991
2026-09-05T18:24:44 [INFO] [task_runner] Executing task task_02_create_issue_with_label (attempt 1/1)
2026-09-05T18:24:44 [INFO] [task_runner] Executing task task_04_create_branch_and_issue (attempt 1/1)
2026-09-05T18:24:47 [INFO] [task_runner] Starting task runner session with PID 68992
2026-09-05T18:24:47 [INFO] [task_runner] Executing task task_04_create_branch_and_issue (attempt 1/1)
2026-09-05T18:24:47 [INFO] [task_runner] Executing task task_05_create_issue_and_comment (attempt 1/1)
2026-09-05T18:24:51 [INFO] [task_runner] Starting task runner session with PID 68994
2026-09-05T18:24:51 [INFO] [task_runner] Executing task task_01_create_issue (attempt 1/1)
2026-09-05T18:24:51 [INFO] [task_runner] Executing task task_02_create_issue_with_label (attempt 1/1)
2026-09-05T18:24:51 [INFO] [task_runner] Executing task task_03_create_branch (attempt 1/1)
2026-09-05T18:24:51 [INFO] [task_runner] Executing task task_04_create_branch_and_issue (attempt 1/1)
2026-09-05T18:24:51 [INFO] [task_runner] Executing task task_05_create_issue_and_comment (attempt 1/1)
2026-09-05T18:24:51 [INFO] [task_runner] Executing task task_06_create_and_update_issue (attempt 1/1)
2026-09-05T18:24:51 [INFO] [task_runner] Executing task task_07_create_branch_and_pr (attempt 1/1)
2026-09-05T18:24:51 [INFO] [task_runner] Executing task task_08_create_branch_issue_pr (attempt 1/1)
2026-09-05T18:24:51 [INFO] [task_runner] Executing task task_09_branch_issue_pr_label (attempt 1/1)
2026-09-05T18:24:51 [INFO] [task_runner] Executing task task_10_issue_label_comment_close (attempt 1/1)
2026-09-05T18:24:51 [INFO] [task_runner] Executing task task_11_branch_pr_merge (attempt 1/1)
2026-09-05T18:24:51 [INFO] [task_runner] Executing task task_12_repository_and_issue (attempt 1/1)
2026-09-05T18:24:51 [INFO] [task_runner] Executing task task_13_repo_branch_issue_pr (attempt 1/1)
2026-09-05T18:26:12 [INFO] [task_runner] Starting task runner session with PID 69007
2026-09-05T18:26:12 [INFO] [task_runner] Executing task task_01_create_issue (attempt 1/1)
2026-09-05T18:26:12 [INFO] [task_runner] Executing task task_02_create_issue_with_label (attempt 1/1)
2026-09-05T18:26:12 [INFO] [task_runner] Starting task runner session with PID 69007
2026-09-05T18:26:12 [INFO] [task_runner] Executing task task_01_create_issue (attempt 1/1)
2026-09-05T18:26:12 [INFO] [task_runner] Starting task runner session with PID 69007
2026-09-05T18:26:19 [INFO] [task_runner] Starting task runner session with PID 69009
2026-09-05T18:26:19 [INFO] [task_runner] Executing task task_01_create_issue (attempt 1/1)
2026-09-05T18:26:19 [INFO] [task_runner] Executing task task_02_create_issue_with_label (attempt 1/1)
2026-09-05T18:26:19 [INFO] [task_runner] Starting task runner session with PID 69009
2026-09-05T18:26:19 [INFO] [task_runner] Executing task task_01_create_issue (attempt 1/1)
2026-09-05T18:26:19 [INFO] [task_runner] Starting task runner session with PID 69009
2026-09-05T18:29:57 [INFO] [task_runner] Starting task runner session with PID 69710
2026-09-05T18:29:58 [INFO] [task_runner] Sandbox initialised: owner=bharath-rdy4 run_id=3b7794d1
2026-09-05T18:29:58 [INFO] [task_runner] Executing task task_01_create_issue (attempt 1/1)
2026-09-05T18:29:59 [INFO] [task_runner] Executing task task_02_create_issue_with_label (attempt 1/1)
2026-09-05T18:30:00 [INFO] [task_runner] Executing task task_03_create_branch (attempt 1/1)
2026-09-05T18:30:01 [INFO] [task_runner] Executing task task_04_create_branch_and_issue (attempt 1/1)
2026-09-05T18:30:03 [INFO] [task_runner] Executing task task_05_create_issue_and_comment (attempt 1/1)
2026-09-05T18:30:04 [INFO] [task_runner] Executing task task_06_create_and_update_issue (attempt 1/1)
2026-09-05T18:30:04 [INFO] [task_runner] Executing task task_07_create_branch_and_pr (attempt 1/1)
2026-09-05T18:30:06 [INFO] [task_runner] Executing task task_08_create_branch_issue_pr (attempt 1/1)
2026-09-05T18:30:08 [INFO] [task_runner] Executing task task_09_branch_issue_pr_label (attempt 1/1)
2026-09-05T18:30:10 [INFO] [task_runner] Executing task task_10_issue_label_comment_close (attempt 1/1)
2026-09-05T18:30:11 [INFO] [task_runner] Executing task task_11_branch_pr_merge (attempt 1/1)
2026-09-05T18:30:13 [INFO] [task_runner] Executing task task_12_repository_and_issue (attempt 1/1)
2026-09-05T18:30:14 [INFO] [task_runner] Executing task task_13_repo_branch_issue_pr (attempt 1/1)
2026-09-05T18:35:39 [INFO] [task_runner] Starting task runner session with PID 71135
2026-09-05T18:35:39 [INFO] [task_runner] Executing task task_01_create_issue (attempt 1/1)
2026-09-05T18:35:39 [INFO] [task_runner] Executing task task_02_create_issue_with_label (attempt 1/1)
2026-09-05T18:35:45 [INFO] [task_runner] Starting task runner session with PID 71160
2026-09-05T18:35:54 [INFO] [task_runner] Starting task runner session with PID 71195
2026-09-05T18:35:54 [INFO] [task_runner] Executing task task_01_create_issue (attempt 1/1)
2026-09-05T18:35:54 [INFO] [task_runner] Executing task task_02_create_issue_with_label (attempt 1/1)
2026-09-05T18:35:54 [INFO] [task_runner] Starting task runner session with PID 71195
2026-09-05T18:35:54 [INFO] [task_runner] Executing task task_01_create_issue (attempt 1/1)
2026-09-05T18:35:54 [INFO] [task_runner] Starting task runner session with PID 71195
2026-09-05T18:36:33 [INFO] [task_runner] Starting task runner session with PID 71485
2026-09-05T18:36:34 [INFO] [task_runner] Sandbox initialised: owner=bharath-rdy4 run_id=ec244185
2026-09-05T18:36:34 [INFO] [task_runner] Executing task task_01_create_issue (attempt 1/1)
2026-09-05T18:36:40 [INFO] [task_runner] Executing task task_02_create_issue_with_label (attempt 1/1)
2026-09-05T18:36:45 [INFO] [task_runner] Executing task task_03_create_branch (attempt 1/1)
2026-09-05T18:36:50 [INFO] [task_runner] Executing task task_04_create_branch_and_issue (attempt 1/1)
2026-09-05T18:37:00 [INFO] [task_runner] Executing task task_05_create_issue_and_comment (attempt 1/1)
2026-09-05T18:37:06 [INFO] [task_runner] Executing task task_06_create_and_update_issue (attempt 1/1)
2026-09-05T18:37:13 [INFO] [task_runner] Executing task task_07_create_branch_and_pr (attempt 1/1)
2026-09-05T18:37:14 [INFO] [task_runner] Executing task task_08_create_branch_issue_pr (attempt 1/1)
2026-09-05T18:37:16 [INFO] [task_runner] Executing task task_09_branch_issue_pr_label (attempt 1/1)
2026-09-05T18:37:18 [INFO] [task_runner] Executing task task_10_issue_label_comment_close (attempt 1/1)
2026-09-05T18:37:19 [INFO] [task_runner] Executing task task_11_branch_pr_merge (attempt 1/1)
2026-09-05T18:37:21 [INFO] [task_runner] Executing task task_12_repository_and_issue (attempt 1/1)
2026-09-05T18:37:22 [INFO] [task_runner] Executing task task_13_repo_branch_issue_pr (attempt 1/1)
2026-09-05T18:42:11 [INFO] [task_runner] Starting task runner session with PID 73170
2026-09-05T18:42:12 [INFO] [task_runner] Sandbox initialised: owner=bharath-rdy4 run_id=0928ec30
2026-09-05T18:42:12 [INFO] [task_runner] Executing task task_01_create_issue (attempt 1/1)
2026-09-05T18:42:20 [INFO] [task_runner] Executing task task_02_create_issue_with_label (attempt 1/1)
2026-09-05T18:42:27 [INFO] [task_runner] Executing task task_03_create_branch (attempt 1/1)
2026-09-05T18:42:38 [INFO] [task_runner] Executing task task_04_create_branch_and_issue (attempt 1/1)
2026-09-05T18:43:01 [INFO] [task_runner] Executing task task_05_create_issue_and_comment (attempt 1/1)
2026-09-05T18:46:38 [INFO] [task_runner] Starting task runner session with PID 74899
2026-09-05T18:46:39 [INFO] [task_runner] Sandbox initialised: owner=bharath-rdy4 run_id=eb74083f
2026-09-05T18:46:39 [INFO] [task_runner] Executing task task_01_create_issue (attempt 1/1)
2026-09-05T18:46:49 [INFO] [task_runner] Executing task task_02_create_issue_with_label (attempt 1/1)
2026-09-05T18:47:08 [INFO] [task_runner] Executing task task_03_create_branch (attempt 1/1)
2026-09-05T18:47:27 [INFO] [task_runner] Starting task runner session with PID 75390
2026-09-05T18:47:28 [INFO] [task_runner] Sandbox initialised: owner=bharath-rdy4 run_id=685fd8e3
2026-09-05T18:47:28 [INFO] [task_runner] Executing task task_01_create_issue (attempt 1/1)
2026-09-05T18:47:57 [INFO] [task_runner] Executing task task_02_create_issue_with_label (attempt 1/1)
2026-09-05T18:47:59 [INFO] [task_runner] Executing task task_03_create_branch (attempt 1/1)
2026-09-05T18:48:00 [INFO] [task_runner] Executing task task_04_create_branch_and_issue (attempt 1/1)
2026-09-05T18:48:03 [INFO] [task_runner] Executing task task_05_create_issue_and_comment (attempt 1/1)
2026-09-05T18:48:05 [INFO] [task_runner] Executing task task_06_create_and_update_issue (attempt 1/1)
2026-09-05T18:56:46 [INFO] [task_runner] Starting task runner session with PID 78598
2026-09-05T18:56:48 [INFO] [task_runner] Sandbox initialised: owner=bharath-rdy4 run_id=60e56a08
2026-09-05T18:56:48 [INFO] [task_runner] Executing task task_01_create_issue (attempt 1/1)
2026-09-05T18:56:50 [INFO] [task_runner] Executing task task_02_create_issue_with_label (attempt 1/1)
2026-09-05T18:56:52 [INFO] [task_runner] Executing task task_03_create_branch (attempt 1/1)
2026-09-05T18:56:54 [INFO] [task_runner] Executing task task_04_create_branch_and_issue (attempt 1/1)
2026-09-05T18:56:57 [INFO] [task_runner] Executing task task_05_create_issue_and_comment (attempt 1/1)
2026-09-05T18:56:58 [INFO] [task_runner] Executing task task_06_create_and_update_issue (attempt 1/1)
2026-09-05T18:57:00 [INFO] [task_runner] Executing task task_07_create_branch_and_pr (attempt 1/1)
2026-09-05T18:57:03 [INFO] [task_runner] Executing task task_08_create_branch_issue_pr (attempt 1/1)
2026-09-05T18:57:08 [INFO] [task_runner] Executing task task_09_branch_issue_pr_label (attempt 1/1)
2026-09-05T18:57:12 [INFO] [task_runner] Executing task task_10_issue_label_comment_close (attempt 1/1)
2026-09-05T18:57:14 [INFO] [task_runner] Executing task task_11_branch_pr_merge (attempt 1/1)
2026-09-05T18:57:17 [INFO] [task_runner] Executing task task_12_repository_and_issue (attempt 1/1)
2026-09-05T18:57:19 [INFO] [task_runner] Executing task task_13_repo_branch_issue_pr (attempt 1/1)
2026-09-05T19:02:05 [INFO] [task_runner] Starting task runner session with PID 80393
2026-09-05T19:02:06 [INFO] [task_runner] Sandbox initialised: owner=bharath-rdy4 run_id=cb9d907c
2026-09-05T19:02:06 [INFO] [task_runner] Executing task task_01_create_issue (attempt 1/1)
2026-09-05T19:02:08 [INFO] [task_runner] Executing task task_02_create_issue_with_label (attempt 1/1)
2026-09-05T19:02:10 [INFO] [task_runner] Executing task task_03_create_branch (attempt 1/1)
2026-09-05T19:02:12 [INFO] [task_runner] Executing task task_04_create_branch_and_issue (attempt 1/1)
2026-09-05T19:02:15 [INFO] [task_runner] Executing task task_05_create_issue_and_comment (attempt 1/1)
2026-09-05T19:02:17 [INFO] [task_runner] Executing task task_06_create_and_update_issue (attempt 1/1)
2026-09-05T19:02:19 [INFO] [task_runner] Executing task task_07_create_branch_and_pr (attempt 1/1)
2026-09-05T19:02:21 [INFO] [task_runner] Executing task task_08_create_branch_issue_pr (attempt 1/1)
2026-09-05T19:05:04 [INFO] [task_runner] Starting task runner session with PID 81944
2026-09-05T19:05:05 [INFO] [task_runner] Sandbox initialised: owner=bharath-rdy4 run_id=5f1134fb
2026-09-05T19:05:05 [INFO] [task_runner] Executing task task_01_create_issue (attempt 1/1)
2026-09-05T19:05:07 [INFO] [task_runner] Executing task task_02_create_issue_with_label (attempt 1/1)
2026-09-05T19:05:09 [INFO] [task_runner] Executing task task_03_create_branch (attempt 1/1)
2026-09-05T19:05:11 [INFO] [task_runner] Executing task task_04_create_branch_and_issue (attempt 1/1)
2026-09-05T19:05:25 [INFO] [task_runner] Starting task runner session with PID 82337
2026-09-05T19:05:27 [INFO] [task_runner] Sandbox initialised: owner=bharath-rdy4 run_id=0260d7f5
2026-09-05T19:05:27 [INFO] [task_runner] Executing task task_01_create_issue (attempt 1/1)
2026-09-05T19:05:29 [INFO] [task_runner] Executing task task_02_create_issue_with_label (attempt 1/1)
2026-09-05T19:05:30 [INFO] [task_runner] Executing task task_03_create_branch (attempt 1/1)
2026-09-05T19:05:32 [INFO] [task_runner] Executing task task_04_create_branch_and_issue (attempt 1/1)
2026-09-05T19:05:35 [INFO] [task_runner] Executing task task_05_create_issue_and_comment (attempt 1/1)
2026-09-05T19:05:37 [INFO] [task_runner] Executing task task_06_create_and_update_issue (attempt 1/1)
2026-09-05T19:05:38 [INFO] [task_runner] Executing task task_07_create_branch_and_pr (attempt 1/1)
2026-09-05T19:09:07 [INFO] [task_runner] Starting task runner session with PID 83515
2026-09-05T19:09:08 [INFO] [task_runner] Sandbox initialised: owner=bharath-rdy4 run_id=3f0e3953
2026-09-05T19:09:08 [INFO] [task_runner] Executing task task_01_create_issue (attempt 1/1)
2026-09-05T19:09:15 [INFO] [task_runner] Executing task task_02_create_issue_with_label (attempt 1/1)
2026-09-05T19:09:21 [INFO] [task_runner] Executing task task_03_create_branch (attempt 1/1)
2026-09-05T19:09:27 [INFO] [task_runner] Executing task task_04_create_branch_and_issue (attempt 1/1)
2026-09-05T19:11:39 [INFO] [task_runner] Starting task runner session with PID 84799
2026-09-05T19:11:40 [INFO] [task_runner] Sandbox initialised: owner=bharath-rdy4 run_id=7bbe9fc6
2026-09-05T19:11:40 [INFO] [task_runner] Executing task task_01_create_issue (attempt 1/1)
2026-09-05T19:11:47 [INFO] [task_runner] Executing task task_02_create_issue_with_label (attempt 1/1)
2026-09-05T19:11:54 [INFO] [task_runner] Executing task task_03_create_branch (attempt 1/1)
2026-09-05T19:12:00 [INFO] [task_runner] Executing task task_04_create_branch_and_issue (attempt 1/1)
2026-09-05T19:12:07 [INFO] [task_runner] Executing task task_05_create_issue_and_comment (attempt 1/1)
2026-09-05T19:12:13 [INFO] [task_runner] Executing task task_06_create_and_update_issue (attempt 1/1)
2026-09-05T19:12:20 [INFO] [task_runner] Executing task task_07_create_branch_and_pr (attempt 1/1)
2026-09-05T19:13:54 [INFO] [task_runner] Starting task runner session with PID 85646
2026-09-05T19:13:56 [INFO] [task_runner] Sandbox initialised: owner=bharath-rdy4 run_id=c9804854
2026-09-05T19:13:56 [INFO] [task_runner] Executing task task_01_create_issue (attempt 1/1)
2026-09-05T19:14:03 [INFO] [task_runner] Executing task task_02_create_issue_with_label (attempt 1/1)
2026-09-05T19:14:10 [INFO] [task_runner] Executing task task_03_create_branch (attempt 1/1)
2026-09-05T19:14:16 [INFO] [task_runner] Executing task task_04_create_branch_and_issue (attempt 1/1)
2026-09-05T19:14:27 [INFO] [task_runner] Executing task task_05_create_issue_and_comment (attempt 1/1)
2026-09-05T19:14:34 [INFO] [task_runner] Executing task task_06_create_and_update_issue (attempt 1/1)
2026-09-05T19:20:00 [INFO] [task_runner] Starting task runner session with PID 87108
2026-09-05T19:20:00 [INFO] [task_runner] Executing task task_01_create_issue (attempt 1/1)
2026-09-05T19:20:00 [INFO] [task_runner] Executing task task_02_create_issue_with_label (attempt 1/1)
2026-09-05T19:20:00 [INFO] [task_runner] Starting task runner session with PID 87108
2026-09-05T19:20:00 [INFO] [task_runner] Executing task task_01_create_issue (attempt 1/1)
2026-09-05T19:20:00 [INFO] [task_runner] Starting task runner session with PID 87108
2026-09-05T19:20:29 [INFO] [task_runner] Starting task runner session with PID 87232
2026-09-05T19:20:29 [INFO] [task_runner] Executing task task_01_create_issue (attempt 1/1)
2026-09-05T19:20:29 [INFO] [task_runner] Executing task task_02_create_issue_with_label (attempt 1/1)
2026-09-05T19:20:29 [INFO] [task_runner] Starting task runner session with PID 87232
2026-09-05T19:20:29 [INFO] [task_runner] Executing task task_01_create_issue (attempt 1/1)
2026-09-05T19:20:29 [INFO] [task_runner] Starting task runner session with PID 87232
2026-09-05T19:22:45 [INFO] [task_runner] Starting task runner session with PID 87764
2026-09-05T19:22:45 [INFO] [task_runner] Executing task task_01_create_issue (attempt 1/1)
2026-09-05T19:22:45 [INFO] [task_runner] Executing task task_02_create_issue_with_label (attempt 1/1)
2026-09-05T19:22:45 [INFO] [task_runner] Starting task runner session with PID 87764
2026-09-05T19:22:45 [INFO] [task_runner] Executing task task_01_create_issue (attempt 1/1)
2026-09-05T19:22:45 [INFO] [task_runner] Starting task runner session with PID 87764
2026-09-05T19:23:04 [INFO] [task_runner] Starting task runner session with PID 87840
2026-09-05T19:23:04 [INFO] [task_runner] Executing task task_01_create_issue (attempt 1/1)
2026-09-05T19:23:04 [INFO] [task_runner] Executing task task_02_create_issue_with_label (attempt 1/1)
2026-09-05T19:23:04 [INFO] [task_runner] Starting task runner session with PID 87840
2026-09-05T19:23:04 [INFO] [task_runner] Executing task task_01_create_issue (attempt 1/1)
2026-09-05T19:23:04 [INFO] [task_runner] Starting task runner session with PID 87840
2026-09-05T19:23:04 [INFO] [task_runner] Executing task task_01_create_issue (attempt 1/1)
2026-09-05T19:23:04 [INFO] [task_runner] Starting task runner session with PID 87840
2026-09-05T19:23:04 [INFO] [task_runner] Sandbox initialised: owner=testowner run_id=<MagicMock name='mock.run_id' id='4464878192'>
2026-09-05T19:23:04 [INFO] [task_runner] Starting task runner session with PID 87840
2026-09-05T19:37:56 [INFO] [task_runner] Starting task runner session with PID 91584
2026-09-05T19:37:57 [INFO] [task_runner] Sandbox initialised: owner=bharath-rdy4 run_id=8b6516c0
2026-09-05T19:38:23 [INFO] [task_runner] Executing task task_01_create_issue (attempt 1/1)
2026-09-05T19:38:33 [INFO] [task_runner] Executing task task_02_create_issue_with_label (attempt 1/1)
2026-09-05T19:38:40 [INFO] [task_runner] Executing task task_03_create_branch (attempt 1/1)
2026-09-05T19:38:47 [INFO] [task_runner] Executing task task_04_create_branch_and_issue (attempt 1/1)
2026-09-05T19:39:02 [INFO] [task_runner] Executing task task_05_create_issue_and_comment (attempt 1/1)
2026-09-05T19:39:05 [INFO] [task_runner] Executing task task_06_create_and_update_issue (attempt 1/1)
2026-09-05T19:39:08 [INFO] [task_runner] Executing task task_07_create_branch_and_pr (attempt 1/1)
2026-09-05T19:39:13 [INFO] [task_runner] Executing task task_08_create_branch_issue_pr (attempt 1/1)
2026-09-05T19:39:22 [INFO] [task_runner] Executing task task_09_branch_issue_pr_label (attempt 1/1)
2026-09-05T19:39:31 [INFO] [task_runner] Executing task task_10_issue_label_comment_close (attempt 1/1)
2026-09-05T19:39:34 [INFO] [task_runner] Executing task task_11_branch_pr_merge (attempt 1/1)
2026-09-05T19:39:40 [INFO] [task_runner] Executing task task_12_repository_and_issue (attempt 1/1)
2026-09-05T19:39:43 [INFO] [task_runner] Executing task task_13_repo_branch_issue_pr (attempt 1/1)
2026-09-05T22:47:50 [INFO] [task_runner] Starting task runner session with PID 98197
2026-09-05T22:47:51 [INFO] [task_runner] Sandbox initialised: owner=bharath-rdy4 run_id=10a8be2e
2026-09-05T22:48:04 [INFO] [task_runner] Executing task task_01_create_issue (attempt 1/1)
2026-09-05T22:48:12 [INFO] [task_runner] Executing task task_02_create_issue_with_label (attempt 1/1)
2026-09-05T22:48:15 [INFO] [task_runner] Executing task task_03_create_branch (attempt 1/1)
2026-09-05T22:48:18 [INFO] [task_runner] Executing task task_04_create_branch_and_issue (attempt 1/1)
2026-09-05T22:51:57 [INFO] [task_runner] Starting task runner session with PID 99493
2026-09-05T22:51:58 [INFO] [task_runner] Sandbox initialised: owner=bharath-rdy4 run_id=47495723
2026-09-05T22:52:07 [INFO] [task_runner] Executing task task_01_create_issue (attempt 1/1)
2026-09-05T22:52:11 [INFO] [task_runner] Executing task task_02_create_issue_with_label (attempt 1/1)
2026-09-05T22:52:15 [INFO] [task_runner] Executing task task_03_create_branch (attempt 1/1)
2026-09-05T22:52:18 [INFO] [task_runner] Executing task task_04_create_branch_and_issue (attempt 1/1)
2026-09-05T22:52:24 [INFO] [task_runner] Executing task task_05_create_issue_and_comment (attempt 1/1)
2026-09-05T22:52:27 [INFO] [task_runner] Executing task task_06_create_and_update_issue (attempt 1/1)
2026-09-05T22:52:30 [INFO] [task_runner] Executing task task_07_create_branch_and_pr (attempt 1/1)
2026-09-05T22:52:36 [INFO] [task_runner] Executing task task_08_create_branch_issue_pr (attempt 1/1)
2026-09-05T22:52:45 [INFO] [task_runner] Executing task task_09_branch_issue_pr_label (attempt 1/1)
2026-09-05T22:52:53 [INFO] [task_runner] Executing task task_10_issue_label_comment_close (attempt 1/1)
2026-09-05T22:52:56 [INFO] [task_runner] Executing task task_11_branch_pr_merge (attempt 1/1)
2026-09-05T22:53:02 [INFO] [task_runner] Executing task task_12_repository_and_issue (attempt 1/1)
2026-09-05T22:53:06 [INFO] [task_runner] Executing task task_13_repo_branch_issue_pr (attempt 1/1)
2026-09-05T22:59:18 [INFO] [task_runner] Starting task runner session with PID 1972
2026-09-05T22:59:19 [INFO] [task_runner] Sandbox initialised: owner=bharath-rdy4 run_id=b2a23024
2026-09-05T22:59:27 [INFO] [task_runner] Executing task task_01_create_issue (attempt 1/1)
2026-09-05T22:59:36 [INFO] [task_runner] Executing task task_02_create_issue_with_label (attempt 1/1)
2026-09-05T22:59:43 [INFO] [task_runner] Executing task task_03_create_branch (attempt 1/1)
2026-09-05T22:59:49 [INFO] [task_runner] Executing task task_04_create_branch_and_issue (attempt 1/1)
2026-09-05T23:00:02 [INFO] [task_runner] Executing task task_05_create_issue_and_comment (attempt 1/1)
2026-09-05T23:00:09 [INFO] [task_runner] Executing task task_06_create_and_update_issue (attempt 1/1)
2026-09-05T23:00:16 [INFO] [task_runner] Executing task task_07_create_branch_and_pr (attempt 1/1)
2026-09-05T23:00:25 [INFO] [task_runner] Executing task task_08_create_branch_issue_pr (attempt 1/1)
2026-09-05T23:27:38 [INFO] [task_runner] Starting task runner session with PID 8872
2026-09-05T23:27:39 [INFO] [task_runner] Sandbox initialised: owner=bharath-rdy4 run_id=cfb1d73a
2026-09-05T23:27:56 [INFO] [task_runner] Executing task task_01_create_issue (attempt 1/1)
2026-09-05T23:28:04 [INFO] [task_runner] Executing task task_02_create_issue_with_label (attempt 1/1)
2026-09-05T23:28:10 [INFO] [task_runner] Executing task task_03_create_branch (attempt 1/1)
2026-09-05T23:28:16 [INFO] [task_runner] Executing task task_04_create_branch_and_issue (attempt 1/1)
2026-09-05T23:28:29 [INFO] [task_runner] Executing task task_05_create_issue_and_comment (attempt 1/1)
2026-09-05T23:28:35 [INFO] [task_runner] Executing task task_06_create_and_update_issue (attempt 1/1)
2026-09-05T23:28:42 [INFO] [task_runner] Executing task task_07_create_branch_and_pr (attempt 1/1)
2026-09-05T23:28:52 [INFO] [task_runner] Executing task task_08_create_branch_issue_pr (attempt 1/1)
2026-09-05T23:29:06 [INFO] [task_runner] Executing task task_09_branch_issue_pr_label (attempt 1/1)
2026-09-05T23:29:21 [INFO] [task_runner] Executing task task_10_issue_label_comment_close (attempt 1/1)
2026-09-05T23:29:28 [INFO] [task_runner] Executing task task_11_branch_pr_merge (attempt 1/1)
2026-09-05T23:29:37 [INFO] [task_runner] Executing task task_12_repository_and_issue (attempt 1/1)
2026-09-05T23:29:43 [INFO] [task_runner] Executing task task_13_repo_branch_issue_pr (attempt 1/1)
2026-09-05T23:31:28 [INFO] [task_runner] Starting task runner session with PID 9961
2026-09-05T23:31:29 [INFO] [task_runner] Sandbox initialised: owner=bharath-rdy4 run_id=561d2222
2026-09-05T23:31:52 [INFO] [task_runner] Executing task task_03_create_branch (attempt 1/1)
2026-09-05T23:32:30 [INFO] [task_runner] Starting task runner session with PID 10353
2026-09-05T23:32:31 [INFO] [task_runner] Sandbox initialised: owner=bharath-rdy4 run_id=7799d516
2026-09-05T23:32:38 [INFO] [task_runner] Executing task task_03_create_branch (attempt 1/1)
2026-09-05T23:35:02 [INFO] [task_runner] Starting task runner session with PID 11132
2026-09-05T23:35:03 [INFO] [task_runner] Sandbox initialised: owner=bharath-rdy4 run_id=390b02f3
2026-09-05T23:35:11 [INFO] [task_runner] Executing task task_03_create_branch (attempt 1/1)
2026-09-05T23:39:21 [INFO] [task_runner] Starting task runner session with PID 12600
2026-09-05T23:39:22 [INFO] [task_runner] Sandbox initialised: owner=bharath-rdy4 run_id=49a68179
2026-09-05T23:39:29 [INFO] [task_runner] Executing task task_03_create_branch (attempt 1/1)
2026-09-05T23:44:38 [INFO] [task_runner] Starting task runner session with PID 13899
2026-09-05T23:44:38 [INFO] [task_runner] Executing task task_01_create_issue (attempt 1/1)
2026-09-05T23:44:38 [INFO] [task_runner] Executing task task_02_create_issue_with_label (attempt 1/1)
2026-09-05T23:44:38 [INFO] [task_runner] Starting task runner session with PID 13899
2026-09-05T23:44:38 [INFO] [task_runner] Executing task task_01_create_issue (attempt 1/1)
2026-09-05T23:44:38 [INFO] [task_runner] Starting task runner session with PID 13899
2026-09-05T23:44:38 [INFO] [task_runner] Executing task task_01_create_issue (attempt 1/1)
2026-09-05T23:44:38 [INFO] [task_runner] Starting task runner session with PID 13899
2026-09-05T23:44:38 [INFO] [task_runner] Sandbox initialised: owner=testowner run_id=<MagicMock name='mock.run_id' id='4440531568'>
2026-09-05T23:44:38 [INFO] [task_runner] Starting task runner session with PID 13899
2026-09-05T23:45:24 [INFO] [task_runner] Starting task runner session with PID 14082
2026-09-05T23:45:24 [INFO] [task_runner] Executing task task_03_create_branch (attempt 1/1)
2026-09-05T23:46:08 [INFO] [task_runner] Starting task runner session with PID 14337
2026-09-05T23:46:09 [INFO] [task_runner] Sandbox initialised: owner=bharath-rdy4 run_id=599c3586
2026-09-05T23:46:17 [INFO] [task_runner] Executing task task_03_create_branch (attempt 1/1)
2026-09-05T23:50:08 [INFO] [task_runner] Starting task runner session with PID 15485
2026-09-05T23:50:10 [INFO] [task_runner] Sandbox initialised: owner=bharath-rdy4 run_id=ac40f57a
2026-09-05T23:50:18 [INFO] [task_runner] Executing task task_03_create_branch (attempt 1/1)
2026-09-05T23:50:36 [INFO] [task_runner] Starting task runner session with PID 15741
2026-09-05T23:50:38 [INFO] [task_runner] Sandbox initialised: owner=bharath-rdy4 run_id=ef298eee
2026-09-05T23:50:46 [INFO] [task_runner] Executing task task_03_create_branch (attempt 1/1)
2026-09-05T23:54:25 [INFO] [task_runner] Starting task runner session with PID 17094
2026-09-05T23:54:27 [INFO] [task_runner] Sandbox initialised: owner=bharath-rdy4 run_id=088f8269
2026-09-05T23:54:34 [INFO] [task_runner] Executing task task_03_create_branch (attempt 1/1)
2026-09-05T23:55:02 [INFO] [task_runner] Starting task runner session with PID 17395
2026-09-05T23:55:03 [INFO] [task_runner] Sandbox initialised: owner=bharath-rdy4 run_id=ff0e56c6
2026-09-05T23:55:10 [INFO] [task_runner] Executing task task_01_create_issue (attempt 1/1)
2026-09-05T23:55:14 [INFO] [task_runner] Executing task task_02_create_issue_with_label (attempt 1/1)
2026-09-05T23:55:17 [INFO] [task_runner] Executing task task_03_create_branch (attempt 1/1)
2026-09-05T23:55:20 [INFO] [task_runner] Executing task task_04_create_branch_and_issue (attempt 1/1)
2026-09-05T23:55:26 [INFO] [task_runner] Executing task task_05_create_issue_and_comment (attempt 1/1)
2026-09-05T23:55:45 [INFO] [task_runner] Starting task runner session with PID 17976
2026-09-05T23:55:46 [INFO] [task_runner] Sandbox initialised: owner=bharath-rdy4 run_id=2da7434b
2026-09-05T23:55:53 [INFO] [task_runner] Executing task task_01_create_issue (attempt 1/1)
2026-09-05T23:56:06 [INFO] [task_runner] Executing task task_02_create_issue_with_label (attempt 1/1)
2026-09-05T23:56:09 [INFO] [task_runner] Executing task task_03_create_branch (attempt 1/1)
2026-09-05T23:56:12 [INFO] [task_runner] Executing task task_04_create_branch_and_issue (attempt 1/1)
2026-09-06T00:00:27 [INFO] [task_runner] Starting task runner session with PID 19551
2026-09-06T00:00:28 [INFO] [task_runner] Sandbox initialised: owner=bharath-rdy4 run_id=3582f5cb
2026-09-06T00:00:37 [INFO] [task_runner] Executing task task_01_create_issue (attempt 1/1)
2026-09-06T00:00:46 [INFO] [task_runner] Executing task task_02_create_issue_with_label (attempt 1/1)
2026-09-06T00:03:45 [INFO] [task_runner] Starting task runner session with PID 20398
2026-09-06T00:03:46 [INFO] [task_runner] Sandbox initialised: owner=bharath-rdy4 run_id=ad4d8ebd
2026-09-06T00:03:57 [INFO] [task_runner] Executing task task_01_create_issue (attempt 1/1)
2026-09-06T00:16:39 [INFO] [task_runner] Starting task runner session with PID 24058
2026-09-06T00:16:39 [INFO] [task_runner] Executing task task_01_create_issue (attempt 1/1)
2026-09-06T00:16:39 [INFO] [task_runner] Executing task task_02_create_issue_with_label (attempt 1/1)
2026-09-06T00:16:39 [INFO] [task_runner] Starting task runner session with PID 24058
2026-09-06T00:16:39 [INFO] [task_runner] Executing task task_01_create_issue (attempt 1/1)
2026-09-06T00:16:39 [INFO] [task_runner] Starting task runner session with PID 24058
2026-09-06T00:16:39 [INFO] [task_runner] Executing task task_01_create_issue (attempt 1/1)
2026-09-06T00:16:39 [INFO] [task_runner] Starting task runner session with PID 24058
2026-09-06T00:16:39 [INFO] [task_runner] Sandbox initialised: owner=testowner run_id=<MagicMock name='mock.run_id' id='4442694256'>
2026-09-06T00:16:39 [INFO] [task_runner] Starting task runner session with PID 24058
2026-09-06T00:20:54 [INFO] [task_runner] Starting task runner session with PID 25251
2026-09-06T00:20:55 [INFO] [task_runner] Sandbox initialised: owner=bharath-rdy4 run_id=7ebe8709
2026-09-06T00:21:05 [INFO] [task_runner] Executing task task_01_create_issue (attempt 1/1)
2026-09-06T00:22:01 [INFO] [task_runner] Starting task runner session with PID 25706
2026-09-06T00:22:02 [INFO] [task_runner] Sandbox initialised: owner=bharath-rdy4 run_id=e251a729
2026-09-06T00:22:11 [INFO] [task_runner] Executing task task_01_create_issue (attempt 1/1)
2026-09-06T00:22:42 [INFO] [task_runner] Starting task runner session with PID 26214
2026-09-06T00:22:43 [INFO] [task_runner] Sandbox initialised: owner=bharath-rdy4 run_id=d7e3457c
2026-09-06T00:22:53 [INFO] [task_runner] Executing task task_01_create_issue (attempt 1/1)
2026-09-06T00:23:04 [INFO] [task_runner] Executing task task_02_create_issue_with_label (attempt 1/1)
2026-09-06T00:23:16 [INFO] [task_runner] Executing task task_03_create_branch (attempt 1/1)
2026-09-06T00:23:30 [INFO] [task_runner] Executing task task_04_create_branch_and_issue (attempt 1/1)
2026-09-06T00:23:54 [INFO] [task_runner] Executing task task_05_create_issue_and_comment (attempt 1/1)
2026-09-06T00:42:40 [INFO] [task_runner] Starting task runner session with PID 31171
2026-09-06T00:42:41 [INFO] [task_runner] Sandbox initialised: owner=bharath-rdy4 run_id=77ee687d
2026-09-06T00:42:52 [INFO] [task_runner] Executing task task_01_create_issue (attempt 1/1)
2026-09-06T00:43:04 [INFO] [task_runner] Executing task task_02_create_issue_with_label (attempt 1/1)
2026-09-06T00:43:14 [INFO] [task_runner] Executing task task_03_create_branch (attempt 1/1)
2026-09-06T00:43:25 [INFO] [task_runner] Executing task task_04_create_branch_and_issue (attempt 1/1)
2026-09-06T00:43:49 [INFO] [task_runner] Executing task task_05_create_issue_and_comment (attempt 1/1)
2026-09-06T00:43:58 [INFO] [task_runner] Executing task task_06_create_and_update_issue (attempt 1/1)
2026-09-06T00:44:07 [INFO] [task_runner] Executing task task_07_create_branch_and_pr (attempt 1/1)
2026-09-06T00:59:41 [INFO] [task_runner] Starting task runner session with PID 35237
2026-09-06T00:59:41 [INFO] [task_runner] Executing task task_01_create_issue (attempt 1/1)
2026-09-06T00:59:41 [INFO] [task_runner] Executing task task_02_create_issue_with_label (attempt 1/1)
2026-09-06T00:59:41 [INFO] [task_runner] Starting task runner session with PID 35237
2026-09-06T00:59:41 [INFO] [task_runner] Executing task task_01_create_issue (attempt 1/1)
2026-09-06T00:59:41 [INFO] [task_runner] Starting task runner session with PID 35237
2026-09-06T00:59:41 [INFO] [task_runner] Executing task task_01_create_issue (attempt 1/1)
2026-09-06T00:59:41 [INFO] [task_runner] Starting task runner session with PID 35237
2026-09-06T00:59:41 [INFO] [task_runner] Sandbox initialised: owner=testowner run_id=<MagicMock name='mock.run_id' id='4471054960'>
2026-09-06T00:59:41 [INFO] [task_runner] Starting task runner session with PID 35237
2026-09-06T01:02:51 [INFO] [task_runner] Starting task runner session with PID 36011
2026-09-06T01:02:51 [INFO] [task_runner] Executing task task_01_create_issue (attempt 1/1)
2026-09-06T01:02:51 [INFO] [task_runner] Executing task task_02_create_issue_with_label (attempt 1/1)
2026-09-06T01:02:51 [INFO] [task_runner] Starting task runner session with PID 36011
2026-09-06T01:02:51 [INFO] [task_runner] Executing task task_01_create_issue (attempt 1/1)
2026-09-06T01:02:51 [INFO] [task_runner] Starting task runner session with PID 36011
2026-09-06T01:02:51 [INFO] [task_runner] Executing task task_01_create_issue (attempt 1/1)
2026-09-06T01:02:51 [INFO] [task_runner] Starting task runner session with PID 36011
2026-09-06T01:02:51 [INFO] [task_runner] Sandbox initialised: owner=testowner run_id=<MagicMock name='mock.run_id' id='4435330112'>
2026-09-06T01:02:51 [INFO] [task_runner] Starting task runner session with PID 36011
2026-09-06T01:03:18 [INFO] [task_runner] Starting task runner session with PID 36115
2026-09-06T01:03:18 [INFO] [task_runner] Executing task task_01_create_issue (attempt 1/1)
2026-09-06T01:03:18 [INFO] [task_runner] Executing task task_02_create_issue_with_label (attempt 1/1)
2026-09-06T01:03:18 [INFO] [task_runner] Starting task runner session with PID 36115
2026-09-06T01:03:18 [INFO] [task_runner] Executing task task_01_create_issue (attempt 1/1)
2026-09-06T01:03:18 [INFO] [task_runner] Starting task runner session with PID 36115
2026-09-06T01:03:18 [INFO] [task_runner] Executing task task_01_create_issue (attempt 1/1)
2026-09-06T01:03:18 [INFO] [task_runner] Starting task runner session with PID 36115
2026-09-06T01:03:18 [INFO] [task_runner] Sandbox initialised: owner=testowner run_id=<MagicMock name='mock.run_id' id='4497267008'>
2026-09-06T01:03:18 [INFO] [task_runner] Starting task runner session with PID 36115
2026-09-06T01:03:25 [INFO] [task_runner] Starting task runner session with PID 36150
2026-09-06T01:03:25 [INFO] [task_runner] Executing task task_01_create_issue (attempt 1/1)
2026-09-06T01:03:25 [INFO] [task_runner] Executing task task_02_create_issue_with_label (attempt 1/1)
2026-09-06T01:03:27 [INFO] [task_runner] Starting task runner session with PID 36159
2026-09-06T10:05:44 [INFO] [task_runner] Starting task runner session with PID 8315
2026-09-06T10:05:44 [INFO] [task_runner] Starting task runner session with PID 8315
2026-09-06T10:05:44 [INFO] [task_runner] Starting task runner session with PID 8315
2026-09-06T10:05:44 [INFO] [task_runner] Starting task runner session with PID 8315
2026-09-06T10:05:44 [INFO] [task_runner] Starting task runner session with PID 8315
2026-09-06T10:06:03 [INFO] [task_runner] Starting task runner session with PID 8394
2026-09-06T10:06:03 [INFO] [task_runner] Executing task task_01_create_issue (attempt 1/1)
2026-09-06T10:06:03 [INFO] [task_runner] Executing task task_02_create_issue_with_label (attempt 1/1)
2026-09-06T10:06:03 [INFO] [task_runner] Starting task runner session with PID 8394
2026-09-06T10:06:03 [INFO] [task_runner] Executing task task_01_create_issue (attempt 1/1)
2026-09-06T10:06:03 [INFO] [task_runner] Starting task runner session with PID 8394
2026-09-06T10:06:03 [INFO] [task_runner] Executing task task_01_create_issue (attempt 1/1)
2026-09-06T10:06:03 [INFO] [task_runner] Starting task runner session with PID 8394
2026-09-06T10:06:03 [INFO] [task_runner] Sandbox initialised: owner=testowner run_id=<MagicMock name='mock.run_id' id='4502454352'>
2026-09-06T10:06:03 [INFO] [task_runner] Starting task runner session with PID 8394
2026-09-06T10:11:23 [INFO] [task_runner] Starting task runner session with PID 9658
2026-09-06T10:11:23 [INFO] [task_runner] Executing task task_01_create_issue (attempt 1/1)
2026-09-06T10:11:23 [INFO] [task_runner] Executing task task_02_create_issue_with_label (attempt 1/1)
2026-09-06T10:11:23 [INFO] [task_runner] Starting task runner session with PID 9658
2026-09-06T10:11:23 [INFO] [task_runner] Executing task task_01_create_issue (attempt 1/1)
2026-09-06T10:11:23 [INFO] [task_runner] Starting task runner session with PID 9658
2026-09-06T10:11:23 [INFO] [task_runner] Executing task task_01_create_issue (attempt 1/1)
2026-09-06T10:11:23 [INFO] [task_runner] Starting task runner session with PID 9658
2026-09-06T10:11:23 [INFO] [task_runner] Sandbox initialised: owner=testowner run_id=<MagicMock name='mock.run_id' id='4482351520'>
2026-09-06T10:11:23 [INFO] [task_runner] Starting task runner session with PID 9658
2026-09-06T10:13:38 [INFO] [task_runner] Starting task runner session with PID 10196
2026-09-06T10:13:38 [INFO] [task_runner] Executing task task_01_create_issue (attempt 1/1)
2026-09-06T10:13:38 [INFO] [task_runner] Executing task task_02_create_issue_with_label (attempt 1/1)
2026-09-06T10:13:38 [INFO] [task_runner] Starting task runner session with PID 10196
2026-09-06T10:13:38 [INFO] [task_runner] Executing task task_01_create_issue (attempt 1/1)
2026-09-06T10:13:38 [INFO] [task_runner] Starting task runner session with PID 10196
2026-09-06T10:13:38 [INFO] [task_runner] Executing task task_01_create_issue (attempt 1/1)
2026-09-06T10:13:38 [INFO] [task_runner] Starting task runner session with PID 10196
2026-09-06T10:13:38 [INFO] [task_runner] Sandbox initialised: owner=testowner run_id=<MagicMock name='mock.run_id' id='4507156560'>
2026-09-06T10:13:38 [INFO] [task_runner] Starting task runner session with PID 10196
2026-09-06T10:27:15 [INFO] [task_runner] Starting task runner session with PID 13363
2026-09-06T10:27:15 [INFO] [task_runner] Executing task task_01_create_issue (attempt 1/1)
2026-09-06T10:27:15 [INFO] [task_runner] Executing task task_02_create_issue_with_label (attempt 1/1)
2026-09-06T10:27:15 [INFO] [task_runner] Starting task runner session with PID 13363
2026-09-06T10:27:15 [INFO] [task_runner] Executing task task_01_create_issue (attempt 1/1)
2026-09-06T10:27:15 [INFO] [task_runner] Starting task runner session with PID 13363
2026-09-06T10:27:15 [INFO] [task_runner] Executing task task_01_create_issue (attempt 1/1)
2026-09-06T10:27:15 [INFO] [task_runner] Starting task runner session with PID 13363
2026-09-06T10:27:15 [INFO] [task_runner] Sandbox initialised: owner=testowner run_id=<MagicMock name='mock.run_id' id='4436021936'>
2026-09-06T10:27:15 [INFO] [task_runner] Starting task runner session with PID 13363
2026-09-06T12:39:30 [INFO] [task_runner] Starting task runner session with PID 38256
2026-09-06T12:39:30 [INFO] [task_runner] Executing task task_01_create_issue (attempt 1/1)
2026-09-06T12:39:30 [INFO] [task_runner] Executing task task_02_create_issue_with_label (attempt 1/1)
2026-09-06T12:39:30 [INFO] [task_runner] Starting task runner session with PID 38256
2026-09-06T12:39:30 [INFO] [task_runner] Executing task task_01_create_issue (attempt 1/1)
2026-09-06T12:39:30 [INFO] [task_runner] Starting task runner session with PID 38256
2026-09-06T12:39:30 [INFO] [task_runner] Executing task task_01_create_issue (attempt 1/1)
2026-09-06T12:39:30 [INFO] [task_runner] Starting task runner session with PID 38256
2026-09-06T12:39:30 [INFO] [task_runner] Sandbox initialised: owner=testowner run_id=<MagicMock name='mock.run_id' id='4543877808'>
2026-09-06T12:39:30 [INFO] [task_runner] Starting task runner session with PID 38256
2026-09-06T12:41:06 [INFO] [task_runner] Starting task runner session with PID 38640
2026-09-06T12:41:06 [INFO] [task_runner] Executing task task_01_create_issue (attempt 1/1)
2026-09-06T12:41:06 [INFO] [task_runner] Executing task task_02_create_issue_with_label (attempt 1/1)
2026-09-06T12:41:06 [INFO] [task_runner] Starting task runner session with PID 38640
2026-09-06T12:41:06 [INFO] [task_runner] Executing task task_01_create_issue (attempt 1/1)
2026-09-06T12:41:06 [INFO] [task_runner] Starting task runner session with PID 38640
2026-09-06T12:41:06 [INFO] [task_runner] Executing task task_01_create_issue (attempt 1/1)
2026-09-06T12:41:06 [INFO] [task_runner] Starting task runner session with PID 38640
2026-09-06T12:41:06 [INFO] [task_runner] Sandbox initialised: owner=testowner run_id=<MagicMock name='mock.run_id' id='4500820656'>
2026-09-06T12:41:06 [INFO] [task_runner] Starting task runner session with PID 38640
2026-09-06T12:41:10 [INFO] [task_runner] Starting task runner session with PID 38661
2026-09-06T12:41:10 [INFO] [task_runner] Executing task task_01_create_issue (attempt 1/1)
2026-09-06T12:41:10 [INFO] [task_runner] Executing task task_02_create_issue_with_label (attempt 1/1)
2026-09-06T12:41:10 [INFO] [task_runner] Starting task runner session with PID 38661
2026-09-06T12:41:10 [INFO] [task_runner] Executing task task_01_create_issue (attempt 1/1)
2026-09-06T12:41:10 [INFO] [task_runner] Starting task runner session with PID 38661
2026-09-06T12:41:10 [INFO] [task_runner] Executing task task_01_create_issue (attempt 1/1)
2026-09-06T12:41:10 [INFO] [task_runner] Starting task runner session with PID 38661
2026-09-06T12:41:10 [INFO] [task_runner] Sandbox initialised: owner=testowner run_id=<MagicMock name='mock.run_id' id='4474491568'>
2026-09-06T12:41:10 [INFO] [task_runner] Starting task runner session with PID 38661
2026-09-06T12:41:14 [INFO] [task_runner] Starting task runner session with PID 38680
2026-09-06T12:41:14 [INFO] [task_runner] Executing task task_01_create_issue (attempt 1/1)
2026-09-06T12:41:14 [INFO] [task_runner] Executing task task_02_create_issue_with_label (attempt 1/1)
2026-09-06T12:41:14 [INFO] [task_runner] Starting task runner session with PID 38680
2026-09-06T12:41:14 [INFO] [task_runner] Executing task task_01_create_issue (attempt 1/1)
2026-09-06T12:41:14 [INFO] [task_runner] Starting task runner session with PID 38680
2026-09-06T12:41:14 [INFO] [task_runner] Executing task task_01_create_issue (attempt 1/1)
2026-09-06T12:41:14 [INFO] [task_runner] Starting task runner session with PID 38680
2026-09-06T12:41:14 [INFO] [task_runner] Sandbox initialised: owner=testowner run_id=<MagicMock name='mock.run_id' id='4539683504'>
2026-09-06T12:41:14 [INFO] [task_runner] Starting task runner session with PID 38680
2026-09-06T12:41:38 [INFO] [task_runner] Starting task runner session with PID 38772
2026-09-06T12:41:38 [INFO] [task_runner] Executing task task_01_create_issue (attempt 1/1)
2026-09-06T12:41:38 [INFO] [task_runner] Executing task task_02_create_issue_with_label (attempt 1/1)
2026-09-06T12:41:38 [INFO] [task_runner] Starting task runner session with PID 38772
2026-09-06T12:41:38 [INFO] [task_runner] Executing task task_01_create_issue (attempt 1/1)
2026-09-06T12:41:38 [INFO] [task_runner] Starting task runner session with PID 38772
2026-09-06T12:41:38 [INFO] [task_runner] Executing task task_01_create_issue (attempt 1/1)
2026-09-06T12:41:38 [INFO] [task_runner] Starting task runner session with PID 38772
2026-09-06T12:41:38 [INFO] [task_runner] Sandbox initialised: owner=testowner run_id=<MagicMock name='mock.run_id' id='4500917952'>
2026-09-06T12:41:38 [INFO] [task_runner] Starting task runner session with PID 38772
2026-09-06T12:43:41 [INFO] [task_runner] Starting task runner session with PID 39297
2026-09-06T12:43:41 [INFO] [task_runner] Executing task task_01_create_issue (attempt 1/1)
2026-09-06T12:43:41 [INFO] [task_runner] Executing task task_02_create_issue_with_label (attempt 1/1)
2026-09-06T12:43:41 [INFO] [task_runner] Starting task runner session with PID 39297
2026-09-06T12:43:41 [INFO] [task_runner] Executing task task_01_create_issue (attempt 1/1)
2026-09-06T12:43:41 [INFO] [task_runner] Starting task runner session with PID 39297
2026-09-06T12:43:41 [INFO] [task_runner] Executing task task_01_create_issue (attempt 1/1)
2026-09-06T12:43:41 [INFO] [task_runner] Starting task runner session with PID 39297
2026-09-06T12:43:41 [INFO] [task_runner] Sandbox initialised: owner=testowner run_id=<MagicMock name='mock.run_id' id='4471787536'>
2026-09-06T12:43:41 [INFO] [task_runner] Starting task runner session with PID 39297
2026-09-06T12:48:42 [INFO] [task_runner] Starting task runner session with PID 40815
2026-09-06T12:48:43 [INFO] [task_runner] Sandbox initialised: owner=bharath-rdy4 run_id=3a08e3fa
2026-09-06T12:48:59 [INFO] [task_runner] Executing task task_01_create_issue (attempt 1/1)
2026-09-06T12:49:10 [INFO] [task_runner] Executing task task_02_create_issue_with_label (attempt 1/1)
2026-09-06T12:49:19 [INFO] [task_runner] Executing task task_03_create_branch (attempt 1/1)
2026-09-06T12:49:30 [INFO] [task_runner] Executing task task_04_create_branch_and_issue (attempt 1/1)
2026-09-06T13:00:11 [INFO] [task_runner] Starting task runner session with PID 43559
2026-09-06T13:00:11 [INFO] [task_runner] Executing task task_01_create_issue (attempt 1/1)
2026-09-06T13:00:16 [INFO] [task_runner] Starting task runner session with PID 43580
2026-09-06T13:00:16 [INFO] [task_runner] Executing task task_01_create_issue (attempt 1/1)
2026-09-06T13:00:16 [INFO] [task_runner] Executing task task_02_create_issue_with_label (attempt 1/1)
2026-09-06T13:00:16 [INFO] [task_runner] Starting task runner session with PID 43580
2026-09-06T13:00:16 [INFO] [task_runner] Executing task task_01_create_issue (attempt 1/1)
2026-09-06T13:00:16 [INFO] [task_runner] Starting task runner session with PID 43580
2026-09-06T13:00:16 [INFO] [task_runner] Executing task task_01_create_issue (attempt 1/1)
2026-09-06T13:00:16 [INFO] [task_runner] Starting task runner session with PID 43580
2026-09-06T13:00:16 [INFO] [task_runner] Sandbox initialised: owner=testowner run_id=<MagicMock name='mock.run_id' id='4441447056'>
2026-09-06T13:00:16 [INFO] [task_runner] Starting task runner session with PID 43580
2026-09-06T13:00:21 [INFO] [task_runner] Starting task runner session with PID 43603
2026-09-06T13:00:21 [INFO] [task_runner] Executing task task_01_create_issue (attempt 1/1)
2026-09-06T13:00:21 [INFO] [task_runner] Executing task task_02_create_issue_with_label (attempt 1/1)
2026-09-06T13:00:21 [INFO] [task_runner] Starting task runner session with PID 43603
2026-09-06T13:00:21 [INFO] [task_runner] Executing task task_01_create_issue (attempt 1/1)
2026-09-06T13:00:21 [INFO] [task_runner] Starting task runner session with PID 43603
2026-09-06T13:00:21 [INFO] [task_runner] Executing task task_01_create_issue (attempt 1/1)
2026-09-06T13:00:21 [INFO] [task_runner] Starting task runner session with PID 43603
2026-09-06T13:00:21 [INFO] [task_runner] Sandbox initialised: owner=testowner run_id=<MagicMock name='mock.run_id' id='4536962752'>
2026-09-06T13:00:21 [INFO] [task_runner] Starting task runner session with PID 43603
2026-09-06T13:00:35 [INFO] [task_runner] Starting task runner session with PID 43670
2026-09-06T13:00:35 [INFO] [task_runner] Executing task task_01_create_issue (attempt 1/1)
2026-09-06T13:00:35 [INFO] [task_runner] Executing task task_02_create_issue_with_label (attempt 1/1)
2026-09-06T13:00:35 [INFO] [task_runner] Starting task runner session with PID 43670
2026-09-06T13:00:35 [INFO] [task_runner] Executing task task_01_create_issue (attempt 1/1)
2026-09-06T13:00:35 [INFO] [task_runner] Starting task runner session with PID 43670
2026-09-06T13:00:35 [INFO] [task_runner] Executing task task_01_create_issue (attempt 1/1)
2026-09-06T13:00:35 [INFO] [task_runner] Starting task runner session with PID 43670
2026-09-06T13:00:35 [INFO] [task_runner] Executing task task_01_create_issue (attempt 1/1)
2026-09-06T13:00:35 [INFO] [task_runner] Starting task runner session with PID 43670
2026-09-06T13:00:35 [INFO] [task_runner] Sandbox initialised: owner=testowner run_id=<MagicMock name='mock.run_id' id='4511931360'>
2026-09-06T13:00:35 [INFO] [task_runner] Starting task runner session with PID 43670
2026-09-06T13:00:40 [INFO] [task_runner] Starting task runner session with PID 43685
2026-09-06T13:00:40 [INFO] [task_runner] Executing task task_01_create_issue (attempt 1/1)
2026-09-06T13:00:40 [INFO] [task_runner] Executing task task_02_create_issue_with_label (attempt 1/1)
2026-09-06T13:00:40 [INFO] [task_runner] Starting task runner session with PID 43685
2026-09-06T13:00:40 [INFO] [task_runner] Executing task task_01_create_issue (attempt 1/1)
2026-09-06T13:00:40 [INFO] [task_runner] Starting task runner session with PID 43685
2026-09-06T13:00:40 [INFO] [task_runner] Executing task task_01_create_issue (attempt 1/1)
2026-09-06T13:00:40 [INFO] [task_runner] Starting task runner session with PID 43685
2026-09-06T13:00:40 [INFO] [task_runner] Executing task task_01_create_issue (attempt 1/1)
2026-09-06T13:00:40 [INFO] [task_runner] Starting task runner session with PID 43685
2026-09-06T13:00:40 [INFO] [task_runner] Sandbox initialised: owner=testowner run_id=<MagicMock name='mock.run_id' id='4531457728'>
2026-09-06T13:00:40 [INFO] [task_runner] Starting task runner session with PID 43685
2026-09-06T13:01:19 [INFO] [task_runner] Starting task runner session with PID 43858
2026-09-06T13:01:20 [INFO] [task_runner] Sandbox initialised: owner=bharath-rdy4 run_id=1d9beb7d
2026-09-06T13:01:20 [INFO] [task_runner] Executing task task_01_create_issue (attempt 1/1)
2026-09-06T13:02:30 [INFO] [task_runner] Starting task runner session with PID 44159
2026-09-06T13:02:31 [INFO] [task_runner] Sandbox initialised: owner=bharath-rdy4 run_id=9cf67f29
2026-09-06T13:02:31 [INFO] [task_runner] Executing task task_01_create_issue (attempt 1/1)
2026-09-06T13:02:56 [INFO] [task_runner] Starting task runner session with PID 44260
2026-09-06T13:02:56 [INFO] [task_runner] Executing task task_01_create_issue (attempt 1/1)
2026-09-06T13:02:56 [INFO] [task_runner] Executing task task_02_create_issue_with_label (attempt 1/1)
2026-09-06T13:02:56 [INFO] [task_runner] Starting task runner session with PID 44260
2026-09-06T13:02:56 [INFO] [task_runner] Executing task task_01_create_issue (attempt 1/1)
2026-09-06T13:02:56 [INFO] [task_runner] Starting task runner session with PID 44260
2026-09-06T13:02:56 [INFO] [task_runner] Executing task task_01_create_issue (attempt 1/1)
2026-09-06T13:02:56 [INFO] [task_runner] Starting task runner session with PID 44260
2026-09-06T13:02:56 [INFO] [task_runner] Executing task task_01_create_issue (attempt 1/1)
2026-09-06T13:02:56 [INFO] [task_runner] Starting task runner session with PID 44260
2026-09-06T13:02:56 [INFO] [task_runner] Sandbox initialised: owner=testowner run_id=<MagicMock name='mock.run_id' id='4466351408'>
2026-09-06T13:02:56 [INFO] [task_runner] Starting task runner session with PID 44260
2026-09-06T13:06:38 [INFO] [task_runner] Starting task runner session with PID 45399
2026-09-06T13:06:39 [INFO] [task_runner] Sandbox initialised: owner=bharath-rdy4 run_id=90ff0103
2026-09-06T13:06:51 [INFO] [task_runner] Executing task task_01_create_issue (attempt 1/1)
2026-09-06T13:07:01 [INFO] [task_runner] Executing task task_02_create_issue_with_label (attempt 1/1)
2026-09-06T13:07:11 [INFO] [task_runner] Executing task task_03_create_branch (attempt 1/1)
2026-09-06T13:07:21 [INFO] [task_runner] Executing task task_04_create_branch_and_issue (attempt 1/1)
2026-09-06T13:07:41 [INFO] [task_runner] Executing task task_05_create_issue_and_comment (attempt 1/1)
2026-09-06T13:21:04 [INFO] [task_runner] Starting task runner session with PID 49287
2026-09-06T13:21:04 [INFO] [task_runner] Executing task task_01_create_issue (attempt 1/1)
2026-09-06T13:21:04 [INFO] [task_runner] Executing task task_02_create_issue_with_label (attempt 1/1)
2026-09-06T13:21:04 [INFO] [task_runner] Starting task runner session with PID 49287
2026-09-06T13:21:04 [INFO] [task_runner] Executing task task_01_create_issue (attempt 1/1)
2026-09-06T13:21:04 [INFO] [task_runner] Starting task runner session with PID 49287
2026-09-06T13:21:04 [INFO] [task_runner] Executing task task_01_create_issue (attempt 1/1)
2026-09-06T13:21:04 [INFO] [task_runner] Starting task runner session with PID 49287
2026-09-06T13:21:04 [INFO] [task_runner] Executing task task_01_create_issue (attempt 1/1)
2026-09-06T13:21:04 [INFO] [task_runner] Starting task runner session with PID 49287
2026-09-06T13:21:04 [INFO] [task_runner] Sandbox initialised: owner=testowner run_id=<MagicMock name='mock.run_id' id='4514374928'>
2026-09-06T13:21:04 [INFO] [task_runner] Starting task runner session with PID 49287
2026-09-06T13:21:08 [INFO] [task_runner] Starting task runner session with PID 49310
2026-09-06T13:21:08 [INFO] [task_runner] Executing task task_01_create_issue (attempt 1/1)
2026-09-06T13:21:08 [INFO] [task_runner] Executing task task_02_create_issue_with_label (attempt 1/1)
2026-09-06T13:21:08 [INFO] [task_runner] Starting task runner session with PID 49310
2026-09-06T13:21:08 [INFO] [task_runner] Executing task task_01_create_issue (attempt 1/1)
2026-09-06T13:21:08 [INFO] [task_runner] Starting task runner session with PID 49310
2026-09-06T13:21:08 [INFO] [task_runner] Executing task task_01_create_issue (attempt 1/1)
2026-09-06T13:21:08 [INFO] [task_runner] Starting task runner session with PID 49310
2026-09-06T13:21:08 [INFO] [task_runner] Executing task task_01_create_issue (attempt 1/1)
2026-09-06T13:21:08 [INFO] [task_runner] Starting task runner session with PID 49310
2026-09-06T13:21:08 [INFO] [task_runner] Sandbox initialised: owner=testowner run_id=<MagicMock name='mock.run_id' id='4476954208'>
2026-09-06T13:21:08 [INFO] [task_runner] Starting task runner session with PID 49310
2026-09-06T13:21:50 [INFO] [task_runner] Starting task runner session with PID 49485
2026-09-06T13:21:50 [INFO] [task_runner] Executing task task_01_create_issue (attempt 1/1)
2026-09-06T13:21:50 [INFO] [task_runner] Executing task task_02_create_issue_with_label (attempt 1/1)
2026-09-06T13:21:50 [INFO] [task_runner] Starting task runner session with PID 49485
2026-09-06T13:21:50 [INFO] [task_runner] Executing task task_01_create_issue (attempt 1/1)
2026-09-06T13:21:50 [INFO] [task_runner] Starting task runner session with PID 49485
2026-09-06T13:21:50 [INFO] [task_runner] Executing task task_01_create_issue (attempt 1/1)
2026-09-06T13:21:50 [INFO] [task_runner] Starting task runner session with PID 49485
2026-09-06T13:21:50 [INFO] [task_runner] Executing task task_01_create_issue (attempt 1/1)
2026-09-06T13:21:50 [INFO] [task_runner] Starting task runner session with PID 49485
2026-09-06T13:21:50 [INFO] [task_runner] Sandbox initialised: owner=testowner run_id=<MagicMock name='mock.run_id' id='4535217056'>
2026-09-06T13:21:50 [INFO] [task_runner] Starting task runner session with PID 49485
2026-09-06T14:33:43 [INFO] [task_runner] Starting task runner session with PID 54163
2026-09-06T14:33:44 [INFO] [task_runner] Sandbox initialised: owner=bharath-rdy4 run_id=4ce4e507
2026-09-06T14:33:56 [INFO] [task_runner] Executing task task_01_create_issue (attempt 1/1)
2026-09-06T14:34:05 [INFO] [task_runner] Executing task task_02_create_issue_with_label (attempt 1/1)
2026-09-06T14:34:14 [INFO] [task_runner] Executing task task_03_create_branch (attempt 1/1)
2026-09-06T14:34:24 [INFO] [task_runner] Executing task task_04_create_branch_and_issue (attempt 1/1)
2026-09-06T14:34:44 [INFO] [task_runner] Executing task task_05_create_issue_and_comment (attempt 1/1)
2026-09-06T14:37:28 [INFO] [task_runner] Starting task runner session with PID 55106
2026-09-06T14:37:28 [INFO] [task_runner] Executing task task_01_create_issue (attempt 1/1)
2026-09-06T14:37:28 [INFO] [task_runner] Executing task task_02_create_issue_with_label (attempt 1/1)
2026-09-06T14:37:28 [INFO] [task_runner] Starting task runner session with PID 55106
2026-09-06T14:37:28 [INFO] [task_runner] Executing task task_01_create_issue (attempt 1/1)
2026-09-06T14:37:28 [INFO] [task_runner] Starting task runner session with PID 55106
2026-09-06T14:37:28 [INFO] [task_runner] Executing task task_01_create_issue (attempt 1/1)
2026-09-06T14:37:28 [INFO] [task_runner] Starting task runner session with PID 55106
2026-09-06T14:37:28 [INFO] [task_runner] Executing task task_01_create_issue (attempt 1/1)
2026-09-06T14:37:28 [INFO] [task_runner] Starting task runner session with PID 55106
2026-09-06T14:37:28 [INFO] [task_runner] Sandbox initialised: owner=testowner run_id=<MagicMock name='mock.run_id' id='4505575712'>
2026-09-06T14:37:28 [INFO] [task_runner] Starting task runner session with PID 55106
2026-09-06T14:37:42 [INFO] [task_runner] Starting task runner session with PID 55165
2026-09-06T14:37:43 [INFO] [task_runner] Sandbox initialised: owner=bharath-rdy4 run_id=5e64978b
2026-09-06T14:37:43 [INFO] [task_runner] Executing task task_03_create_branch (attempt 1/1)
2026-09-06T14:38:10 [INFO] [task_runner] Starting task runner session with PID 55272
2026-09-06T14:38:11 [INFO] [task_runner] Sandbox initialised: owner=bharath-rdy4 run_id=cecdcf35
2026-09-06T14:38:11 [INFO] [task_runner] Executing task task_03_create_branch (attempt 1/1)
2026-09-06T14:47:23 [INFO] [task_runner] Starting task runner session with PID 57695
2026-09-06T14:47:24 [INFO] [task_runner] Sandbox initialised: owner=bharath-rdy4 run_id=183a7022
2026-09-06T14:47:37 [INFO] [task_runner] Executing task task_01_create_issue (attempt 1/1)
2026-09-06T14:47:48 [INFO] [task_runner] Executing task task_02_create_issue_with_label (attempt 1/1)
2026-09-06T14:47:57 [INFO] [task_runner] Executing task task_03_create_branch (attempt 1/1)
2026-09-06T14:48:07 [INFO] [task_runner] Executing task task_04_create_branch_and_issue (attempt 1/1)
2026-09-06T14:48:28 [INFO] [task_runner] Executing task task_05_create_issue_and_comment (attempt 1/1)
2026-09-06T19:39:35 [INFO] [task_runner] Starting task runner session with PID 18956
2026-09-06T19:39:35 [INFO] [task_runner] Executing task task_01_create_issue (attempt 1/1)
2026-09-06T19:39:35 [INFO] [task_runner] Executing task task_02_create_issue_with_label (attempt 1/1)
2026-09-06T19:39:35 [INFO] [task_runner] Starting task runner session with PID 18956
2026-09-06T19:39:35 [INFO] [task_runner] Executing task task_01_create_issue (attempt 1/1)
2026-09-06T19:39:35 [INFO] [task_runner] Starting task runner session with PID 18956
2026-09-06T19:39:35 [INFO] [task_runner] Executing task task_01_create_issue (attempt 1/1)
2026-09-06T19:39:35 [INFO] [task_runner] Starting task runner session with PID 18956
2026-09-06T19:39:35 [INFO] [task_runner] Executing task task_01_create_issue (attempt 1/1)
2026-09-06T19:39:35 [INFO] [task_runner] Starting task runner session with PID 18956
2026-09-06T19:39:35 [INFO] [task_runner] Sandbox initialised: owner=testowner run_id=<MagicMock name='mock.run_id' id='2110963519168'>
2026-09-06T19:39:35 [INFO] [task_runner] Starting task runner session with PID 18956
2026-09-06T19:39:53 [INFO] [task_runner] Starting task runner session with PID 6108
2026-09-06T19:39:53 [INFO] [task_runner] Executing task task_01_create_issue (attempt 1/1)
2026-09-06T19:39:53 [INFO] [task_runner] Executing task task_02_create_issue_with_label (attempt 1/1)
2026-09-06T19:39:53 [INFO] [task_runner] Starting task runner session with PID 6108
2026-09-06T19:39:53 [INFO] [task_runner] Executing task task_01_create_issue (attempt 1/1)
2026-09-06T19:39:53 [INFO] [task_runner] Starting task runner session with PID 6108
2026-09-06T19:39:53 [INFO] [task_runner] Executing task task_01_create_issue (attempt 1/1)
2026-09-06T19:39:53 [INFO] [task_runner] Starting task runner session with PID 6108
2026-09-06T19:39:53 [INFO] [task_runner] Executing task task_01_create_issue (attempt 1/1)
2026-09-06T19:39:53 [INFO] [task_runner] Starting task runner session with PID 6108
2026-09-06T19:39:53 [INFO] [task_runner] Sandbox initialised: owner=testowner run_id=<MagicMock name='mock.run_id' id='2314608479936'>
2026-09-06T19:39:53 [INFO] [task_runner] Starting task runner session with PID 6108
2026-09-06T21:12:20 [INFO] [task_runner] Starting task runner session with PID 17396
2026-09-06T21:12:20 [INFO] [task_runner] Executing task task_01_create_issue (attempt 1/1)
2026-09-06T21:12:20 [INFO] [task_runner] Executing task task_02_create_issue_with_label (attempt 1/1)
2026-09-06T21:12:20 [INFO] [task_runner] Starting task runner session with PID 17396
2026-09-06T21:12:20 [INFO] [task_runner] Executing task task_01_create_issue (attempt 1/1)
2026-09-06T21:12:20 [INFO] [task_runner] Starting task runner session with PID 17396
2026-09-06T21:12:20 [INFO] [task_runner] Executing task task_01_create_issue (attempt 1/1)
2026-09-06T21:12:20 [INFO] [task_runner] Starting task runner session with PID 17396
2026-09-06T21:12:20 [INFO] [task_runner] Executing task task_01_create_issue (attempt 1/1)
2026-09-06T21:12:20 [INFO] [task_runner] Starting task runner session with PID 17396
2026-09-06T21:12:20 [INFO] [task_runner] Sandbox initialised: owner=testowner run_id=<MagicMock name='mock.run_id' id='1972471075504'>
2026-09-06T21:12:20 [INFO] [task_runner] Starting task runner session with PID 17396
2026-09-06T21:12:37 [INFO] [task_runner] Starting task runner session with PID 27068
2026-09-06T21:12:37 [INFO] [task_runner] Executing task task_01_create_issue (attempt 1/1)
2026-09-06T21:12:37 [INFO] [task_runner] Executing task task_02_create_issue_with_label (attempt 1/1)
2026-09-06T21:12:37 [INFO] [task_runner] Starting task runner session with PID 27068
2026-09-06T21:12:37 [INFO] [task_runner] Executing task task_01_create_issue (attempt 1/1)
2026-09-06T21:12:37 [INFO] [task_runner] Starting task runner session with PID 27068
2026-09-06T21:12:37 [INFO] [task_runner] Executing task task_01_create_issue (attempt 1/1)
2026-09-06T21:12:37 [INFO] [task_runner] Starting task runner session with PID 27068
2026-09-06T21:12:37 [INFO] [task_runner] Executing task task_01_create_issue (attempt 1/1)
2026-09-06T21:12:37 [INFO] [task_runner] Starting task runner session with PID 27068
2026-09-06T21:12:37 [INFO] [task_runner] Sandbox initialised: owner=testowner run_id=<MagicMock name='mock.run_id' id='2207307274224'>
2026-09-06T21:12:37 [INFO] [task_runner] Starting task runner session with PID 27068
2026-09-06T21:13:55 [INFO] [task_runner] Starting task runner session with PID 4716
2026-09-06T21:13:55 [INFO] [task_runner] Executing task task_01_create_issue (attempt 1/1)
2026-09-06T21:13:55 [INFO] [task_runner] Executing task task_02_create_issue_with_label (attempt 1/1)
2026-09-06T21:13:55 [INFO] [task_runner] Executing task task_03_create_branch (attempt 1/1)
2026-09-06T21:13:55 [INFO] [task_runner] Executing task task_04_create_branch_and_issue (attempt 1/1)
2026-09-06T21:13:55 [INFO] [task_runner] Executing task task_05_create_issue_and_comment (attempt 1/1)
2026-09-06T21:13:55 [INFO] [task_runner] Executing task task_06_create_and_update_issue (attempt 1/1)
2026-09-06T21:13:55 [INFO] [task_runner] Executing task task_07_create_branch_and_pr (attempt 1/1)
2026-09-06T21:13:55 [INFO] [task_runner] Executing task task_08_create_branch_issue_pr (attempt 1/1)
2026-09-06T21:13:55 [INFO] [task_runner] Executing task task_09_branch_issue_pr_label (attempt 1/1)
2026-09-06T21:13:55 [INFO] [task_runner] Executing task task_10_issue_label_comment_close (attempt 1/1)
2026-09-06T21:13:55 [INFO] [task_runner] Executing task task_11_branch_pr_merge (attempt 1/1)
2026-09-06T21:13:55 [INFO] [task_runner] Executing task task_12_repository_and_issue (attempt 1/1)
2026-09-06T21:13:55 [INFO] [task_runner] Executing task task_13_repo_branch_issue_pr (attempt 1/1)
2026-09-06T21:14:33 [INFO] [task_runner] Starting task runner session with PID 23208
2026-09-06T21:14:33 [INFO] [task_runner] Executing task task_01_create_issue (attempt 1/1)
2026-09-06T21:16:07 [INFO] [task_runner] Starting task runner session with PID 28120
2026-09-06T21:16:09 [INFO] [task_runner] Sandbox initialised: owner=bharath-rdy4 run_id=61f5248b
2026-09-06T21:16:23 [INFO] [task_runner] Executing task task_01_create_issue (attempt 1/1)
2026-09-06T21:32:28 [INFO] [task_runner] Starting task runner session with PID 24748
2026-09-06T21:32:30 [INFO] [task_runner] Sandbox initialised: owner=bharath-rdy4 run_id=214e0366
2026-09-06T21:32:39 [INFO] [task_runner] Executing task task_01_create_issue (attempt 1/1)
2026-09-06T21:36:04 [INFO] [task_runner] Starting task runner session with PID 1924
2026-09-06T21:36:06 [INFO] [task_runner] Sandbox initialised: owner=bharath-rdy4 run_id=a7f21910
2026-09-06T21:36:14 [INFO] [task_runner] Executing task task_01_create_issue (attempt 1/1)
2026-09-06T21:36:35 [INFO] [task_runner] Executing task task_02_create_issue_with_label (attempt 1/1)
2026-09-06T21:36:52 [INFO] [task_runner] Executing task task_03_create_branch (attempt 1/1)
2026-09-06T21:40:34 [INFO] [task_runner] Starting task runner session with PID 13480
2026-09-06T21:40:35 [INFO] [task_runner] Sandbox initialised: owner=bharath-rdy4 run_id=e8279e51
2026-09-06T21:40:47 [INFO] [task_runner] Executing task task_01_create_issue (attempt 1/1)
2026-09-06T21:41:09 [INFO] [task_runner] Executing task task_02_create_issue_with_label (attempt 1/1)
2026-09-06T21:41:32 [INFO] [task_runner] Executing task task_03_create_branch (attempt 1/1)
2026-09-06T21:47:14 [INFO] [task_runner] Starting task runner session with PID 29904
2026-09-06T21:47:14 [INFO] [task_runner] Executing task task_01_create_issue (attempt 1/1)
2026-09-06T21:47:14 [INFO] [task_runner] Executing task task_02_create_issue_with_label (attempt 1/1)
2026-09-06T21:47:14 [INFO] [task_runner] Starting task runner session with PID 29904
2026-09-06T21:47:14 [INFO] [task_runner] Executing task task_01_create_issue (attempt 1/1)
2026-09-06T21:47:14 [INFO] [task_runner] Starting task runner session with PID 29904
2026-09-06T21:47:14 [INFO] [task_runner] Executing task task_01_create_issue (attempt 1/1)
2026-09-06T21:47:14 [INFO] [task_runner] Starting task runner session with PID 29904
2026-09-06T21:47:14 [INFO] [task_runner] Executing task task_01_create_issue (attempt 1/1)
2026-09-06T21:47:14 [INFO] [task_runner] Starting task runner session with PID 29904
2026-09-06T21:47:14 [INFO] [task_runner] Sandbox initialised: owner=testowner run_id=<MagicMock name='mock.run_id' id='2340133889296'>
2026-09-06T21:47:14 [INFO] [task_runner] Starting task runner session with PID 29904
2026-09-06T21:47:33 [INFO] [task_runner] Starting task runner session with PID 23860
2026-09-06T21:47:33 [INFO] [task_runner] Executing task task_01_create_issue (attempt 1/1)
2026-09-06T21:47:33 [INFO] [task_runner] Executing task task_02_create_issue_with_label (attempt 1/1)
2026-09-06T21:47:33 [INFO] [task_runner] Starting task runner session with PID 23860
2026-09-06T21:47:33 [INFO] [task_runner] Executing task task_01_create_issue (attempt 1/1)
2026-09-06T21:47:33 [INFO] [task_runner] Starting task runner session with PID 23860
2026-09-06T21:47:33 [INFO] [task_runner] Executing task task_01_create_issue (attempt 1/1)
2026-09-06T21:47:33 [INFO] [task_runner] Starting task runner session with PID 23860
2026-09-06T21:47:33 [INFO] [task_runner] Executing task task_01_create_issue (attempt 1/1)
2026-09-06T21:47:33 [INFO] [task_runner] Starting task runner session with PID 23860
2026-09-06T21:47:33 [INFO] [task_runner] Sandbox initialised: owner=testowner run_id=<MagicMock name='mock.run_id' id='1912206848224'>
2026-09-06T21:47:33 [INFO] [task_runner] Starting task runner session with PID 23860
2026-09-06T21:49:09 [INFO] [task_runner] Starting task runner session with PID 992
2026-09-06T21:49:11 [INFO] [task_runner] Sandbox initialised: owner=bharath-rdy4 run_id=007b80bc
2026-09-06T21:49:23 [INFO] [task_runner] Executing task task_01_create_issue (attempt 1/1)
2026-09-06T21:49:47 [INFO] [task_runner] Executing task task_02_create_issue_with_label (attempt 1/1)
2026-09-06T21:50:08 [INFO] [task_runner] Executing task task_03_create_branch (attempt 1/1)
2026-09-06T21:54:44 [INFO] [task_runner] Starting task runner session with PID 20804
2026-09-06T21:54:46 [INFO] [task_runner] Sandbox initialised: owner=bharath-rdy4 run_id=dcd9b323
2026-09-06T21:54:58 [INFO] [task_runner] Executing task task_01_create_issue (attempt 1/1)
2026-09-06T21:55:25 [INFO] [task_runner] Executing task task_02_create_issue_with_label (attempt 1/1)
2026-09-06T21:55:45 [INFO] [task_runner] Executing task task_03_create_branch (attempt 1/1)
2026-09-06T21:55:59 [INFO] [task_runner] Executing task task_04_create_branch_and_issue (attempt 1/1)
2026-09-06T21:56:28 [INFO] [task_runner] Executing task task_05_create_issue_and_comment (attempt 1/1)
2026-09-06T22:42:08 [INFO] [task_runner] Starting task runner session with PID 21416
2026-09-06T22:42:08 [INFO] [task_runner] Executing task task_01_create_issue (attempt 1/1)
2026-09-06T22:42:08 [INFO] [task_runner] Executing task task_02_create_issue_with_label (attempt 1/1)
2026-09-06T22:42:08 [INFO] [task_runner] Starting task runner session with PID 21416
2026-09-06T22:42:08 [INFO] [task_runner] Executing task task_01_create_issue (attempt 1/1)
2026-09-06T22:42:08 [INFO] [task_runner] Starting task runner session with PID 21416
2026-09-06T22:42:08 [INFO] [task_runner] Executing task task_01_create_issue (attempt 1/1)
2026-09-06T22:42:08 [INFO] [task_runner] Starting task runner session with PID 21416
2026-09-06T22:42:08 [INFO] [task_runner] Executing task task_01_create_issue (attempt 1/1)
2026-09-06T22:42:08 [INFO] [task_runner] Starting task runner session with PID 21416
2026-09-06T22:42:08 [INFO] [task_runner] Sandbox initialised: owner=testowner run_id=<MagicMock name='mock.run_id' id='3005660116848'>
2026-09-06T22:42:08 [INFO] [task_runner] Starting task runner session with PID 21416
2026-09-06T22:43:11 [INFO] [task_runner] Starting task runner session with PID 10152
2026-09-06T22:43:13 [INFO] [task_runner] Sandbox initialised: owner=bharath-rdy4 run_id=86034481
2026-09-06T22:43:32 [INFO] [task_runner] Executing task task_01_create_issue (attempt 1/1)
2026-09-06T22:43:56 [INFO] [task_runner] Executing task task_02_create_issue_with_label (attempt 1/1)
2026-09-06T22:44:18 [INFO] [task_runner] Executing task task_03_create_branch (attempt 1/1)
2026-09-06T22:44:36 [INFO] [task_runner] Executing task task_04_create_branch_and_issue (attempt 1/1)
2026-09-06T22:45:23 [INFO] [task_runner] Executing task task_05_create_issue_and_comment (attempt 1/1)
2026-09-06T22:45:50 [INFO] [task_runner] Executing task task_06_create_and_update_issue (attempt 1/1)
2026-09-06T22:46:14 [INFO] [task_runner] Executing task task_07_create_branch_and_pr (attempt 1/1)
2026-09-07T22:06:22 [INFO] [task_runner] Starting task runner session with PID 22144
2026-09-07T22:06:55 [INFO] [task_runner] Starting task runner session with PID 31224
2026-09-07T22:06:57 [INFO] [task_runner] Sandbox initialised: owner=bharath-rdy4 run_id=f87d4c2e
2026-09-07T22:07:23 [INFO] [task_runner] Executing task task_01_create_issue (attempt 1/1)
2026-09-07T22:07:49 [INFO] [task_runner] Executing task task_02_create_issue_with_label (attempt 1/1)
2026-09-07T22:08:11 [INFO] [task_runner] Executing task task_03_create_branch (attempt 1/1)
2026-09-07T22:08:26 [INFO] [task_runner] Executing task task_04_create_branch_and_issue (attempt 1/1)
2026-09-07T22:09:00 [INFO] [task_runner] Executing task task_05_create_issue_and_comment (attempt 1/1)
2026-09-07T22:12:30 [INFO] [task_runner] Starting task runner session with PID 28916
2026-09-07T22:12:30 [INFO] [task_runner] Executing task task_01_create_issue (attempt 1/1)
2026-09-07T22:12:30 [INFO] [task_runner] Executing task task_02_create_issue_with_label (attempt 1/1)
2026-09-07T22:12:30 [INFO] [task_runner] Starting task runner session with PID 28916
2026-09-07T22:12:30 [INFO] [task_runner] Executing task task_01_create_issue (attempt 1/1)
2026-09-07T22:12:30 [INFO] [task_runner] Starting task runner session with PID 28916
2026-09-07T22:12:30 [INFO] [task_runner] Executing task task_01_create_issue (attempt 1/1)
2026-09-07T22:12:30 [INFO] [task_runner] Starting task runner session with PID 28916
2026-09-07T22:12:30 [INFO] [task_runner] Executing task task_01_create_issue (attempt 1/1)
2026-09-07T22:12:30 [INFO] [task_runner] Starting task runner session with PID 28916
2026-09-07T22:12:30 [INFO] [task_runner] Sandbox initialised: owner=testowner run_id=<MagicMock name='mock.run_id' id='2407933271344'>
2026-09-07T22:12:30 [INFO] [task_runner] Starting task runner session with PID 28916
2026-09-07T22:14:35 [INFO] [task_runner] Starting task runner session with PID 17168
2026-09-07T22:14:35 [INFO] [task_runner] Executing task task_01_create_issue (attempt 1/1)
2026-09-07T22:14:35 [INFO] [task_runner] Executing task task_02_create_issue_with_label (attempt 1/1)
2026-09-07T22:14:35 [INFO] [task_runner] Starting task runner session with PID 17168
2026-09-07T22:14:35 [INFO] [task_runner] Executing task task_01_create_issue (attempt 1/1)
2026-09-07T22:14:35 [INFO] [task_runner] Starting task runner session with PID 17168
2026-09-07T22:14:35 [INFO] [task_runner] Executing task task_01_create_issue (attempt 1/1)
2026-09-07T22:14:35 [INFO] [task_runner] Starting task runner session with PID 17168
2026-09-07T22:14:35 [INFO] [task_runner] Executing task task_01_create_issue (attempt 1/1)
2026-09-07T22:14:35 [INFO] [task_runner] Starting task runner session with PID 17168
2026-09-07T22:14:35 [INFO] [task_runner] Sandbox initialised: owner=testowner run_id=<MagicMock name='mock.run_id' id='2090673535504'>
2026-09-07T22:14:35 [INFO] [task_runner] Starting task runner session with PID 17168
2026-09-07T22:15:59 [INFO] [task_runner] Starting task runner session with PID 16684
2026-09-07T22:16:00 [INFO] [task_runner] Sandbox initialised: owner=bharath-rdy4 run_id=7c98ce6a
2026-09-07T22:16:22 [INFO] [task_runner] Executing task task_01_create_issue (attempt 1/1)
2026-09-07T22:16:50 [INFO] [task_runner] Executing task task_02_create_issue_with_label (attempt 1/1)
2026-09-07T22:17:12 [INFO] [task_runner] Executing task task_03_create_branch (attempt 1/1)
2026-09-07T22:17:27 [INFO] [task_runner] Executing task task_04_create_branch_and_issue (attempt 1/1)
2026-09-07T22:18:00 [INFO] [task_runner] Executing task task_05_create_issue_and_comment (attempt 1/1)
2026-09-07T22:18:27 [INFO] [task_runner] Executing task task_06_create_and_update_issue (attempt 1/1)
2026-09-07T22:18:48 [INFO] [task_runner] Executing task task_07_create_branch_and_pr (attempt 1/1)
2026-09-07T22:21:49 [INFO] [task_runner] Starting task runner session with PID 28532
2026-09-07T22:21:49 [INFO] [task_runner] Executing task task_01_create_issue (attempt 1/1)
2026-09-07T22:21:49 [INFO] [task_runner] Executing task task_02_create_issue_with_label (attempt 1/1)
2026-09-07T22:21:49 [INFO] [task_runner] Starting task runner session with PID 28532
2026-09-07T22:21:49 [INFO] [task_runner] Executing task task_01_create_issue (attempt 1/1)
2026-09-07T22:21:49 [INFO] [task_runner] Starting task runner session with PID 28532
2026-09-07T22:21:49 [INFO] [task_runner] Executing task task_01_create_issue (attempt 1/1)
2026-09-07T22:21:49 [INFO] [task_runner] Starting task runner session with PID 28532
2026-09-07T22:21:49 [INFO] [task_runner] Executing task task_01_create_issue (attempt 1/1)
2026-09-07T22:21:49 [INFO] [task_runner] Starting task runner session with PID 28532
2026-09-07T22:21:49 [INFO] [task_runner] Sandbox initialised: owner=testowner run_id=<MagicMock name='mock.run_id' id='1929876460544'>
2026-09-07T22:21:49 [INFO] [task_runner] Starting task runner session with PID 28532
2026-09-07T22:25:03 [INFO] [task_runner] Starting task runner session with PID 28228
2026-09-07T22:25:04 [INFO] [task_runner] Sandbox initialised: owner=bharath-rdy4 run_id=ed3ba716
2026-09-07T22:25:28 [INFO] [task_runner] Executing task task_01_create_issue (attempt 1/1)
2026-09-07T22:25:58 [INFO] [task_runner] Executing task task_02_create_issue_with_label (attempt 1/1)
2026-09-07T22:26:18 [INFO] [task_runner] Executing task task_03_create_branch (attempt 1/1)
2026-09-07T22:26:30 [INFO] [task_runner] Executing task task_04_create_branch_and_issue (attempt 1/1)
2026-09-07T22:26:55 [INFO] [task_runner] Executing task task_05_create_issue_and_comment (attempt 1/1)
2026-09-07T22:27:16 [INFO] [task_runner] Executing task task_06_create_and_update_issue (attempt 1/1)
2026-09-07T22:27:38 [INFO] [task_runner] Executing task task_07_create_branch_and_pr (attempt 1/1)
2026-09-07T22:28:06 [INFO] [task_runner] Executing task task_08_create_branch_issue_pr (attempt 1/1)
2026-09-07T22:33:49 [INFO] [task_runner] Starting task runner session with PID 25084
2026-09-07T22:33:50 [INFO] [task_runner] Sandbox initialised: owner=bharath-rdy4 run_id=74e87bae
2026-09-07T22:34:22 [INFO] [task_runner] Executing task task_01_create_issue (attempt 1/1)
2026-09-07T22:34:48 [INFO] [task_runner] Executing task task_02_create_issue_with_label (attempt 1/1)
2026-09-07T22:35:12 [INFO] [task_runner] Executing task task_03_create_branch (attempt 1/1)
2026-09-07T22:35:23 [INFO] [task_runner] Executing task task_04_create_branch_and_issue (attempt 1/1)
2026-09-07T22:35:54 [INFO] [task_runner] Executing task task_05_create_issue_and_comment (attempt 1/1)
2026-09-07T22:36:15 [INFO] [task_runner] Executing task task_06_create_and_update_issue (attempt 1/1)
2026-09-07T22:36:35 [INFO] [task_runner] Executing task task_07_create_branch_and_pr (attempt 1/1)
2026-09-07T22:37:02 [INFO] [task_runner] Executing task task_08_create_branch_issue_pr (attempt 1/1)
2026-09-07T22:37:45 [INFO] [task_runner] Executing task task_09_branch_issue_pr_label (attempt 1/1)
2026-09-07T22:46:02 [INFO] [task_runner] Starting task runner session with PID 25336
2026-09-07T22:46:02 [INFO] [task_runner] Executing task task_01_create_issue (attempt 1/1)
2026-09-07T22:46:02 [INFO] [task_runner] Executing task task_02_create_issue_with_label (attempt 1/1)
2026-09-07T22:46:02 [INFO] [task_runner] Starting task runner session with PID 25336
2026-09-07T22:46:02 [INFO] [task_runner] Executing task task_01_create_issue (attempt 1/1)
2026-09-07T22:46:02 [INFO] [task_runner] Starting task runner session with PID 25336
2026-09-07T22:46:02 [INFO] [task_runner] Executing task task_01_create_issue (attempt 1/1)
2026-09-07T22:46:02 [INFO] [task_runner] Starting task runner session with PID 25336
2026-09-07T22:46:02 [INFO] [task_runner] Executing task task_01_create_issue (attempt 1/1)
2026-09-07T22:46:02 [INFO] [task_runner] Starting task runner session with PID 25336
2026-09-07T22:46:02 [INFO] [task_runner] Sandbox initialised: owner=testowner run_id=<MagicMock name='mock.run_id' id='2005820244384'>
2026-09-07T22:46:02 [INFO] [task_runner] Starting task runner session with PID 25336
2026-09-07T22:53:09 [INFO] [task_runner] Starting task runner session with PID 24388
2026-09-07T22:53:09 [INFO] [task_runner] Executing task task_01_create_issue (attempt 1/1)
2026-09-07T22:53:09 [INFO] [task_runner] Executing task task_02_create_issue_with_label (attempt 1/1)
2026-09-07T22:53:09 [INFO] [task_runner] Starting task runner session with PID 24388
2026-09-07T22:53:09 [INFO] [task_runner] Executing task task_01_create_issue (attempt 1/1)
2026-09-07T22:53:09 [INFO] [task_runner] Starting task runner session with PID 24388
2026-09-07T22:53:09 [INFO] [task_runner] Executing task task_01_create_issue (attempt 1/1)
2026-09-07T22:53:09 [INFO] [task_runner] Starting task runner session with PID 24388
2026-09-07T22:53:09 [INFO] [task_runner] Executing task task_01_create_issue (attempt 1/1)
2026-09-07T22:53:09 [INFO] [task_runner] Starting task runner session with PID 24388
2026-09-07T22:53:09 [INFO] [task_runner] Sandbox initialised: owner=testowner run_id=<MagicMock name='mock.run_id' id='2441413248736'>
2026-09-07T22:53:09 [INFO] [task_runner] Starting task runner session with PID 24388
2026-09-07T22:54:28 [INFO] [task_runner] Starting task runner session with PID 20648
2026-09-07T22:54:29 [INFO] [task_runner] Sandbox initialised: owner=bharath-rdy4 run_id=c7ba5603
2026-09-07T22:55:21 [INFO] [task_runner] Starting task runner session with PID 5932
2026-09-07T22:55:23 [INFO] [task_runner] Sandbox initialised: owner=bharath-rdy4 run_id=017755d0
2026-09-07T22:56:01 [INFO] [task_runner] Executing task task_01_create_issue (attempt 1/1)
2026-09-07T22:56:22 [INFO] [task_runner] Executing task task_02_create_issue_with_label (attempt 1/1)
2026-09-07T22:56:42 [INFO] [task_runner] Executing task task_03_create_branch (attempt 1/1)
2026-09-07T22:56:53 [INFO] [task_runner] Executing task task_04_create_branch_and_issue (attempt 1/1)
2026-09-07T22:57:20 [INFO] [task_runner] Executing task task_05_create_issue_and_comment (attempt 1/1)
2026-09-07T22:57:38 [INFO] [task_runner] Executing task task_06_create_and_update_issue (attempt 1/1)
2026-09-07T22:57:56 [INFO] [task_runner] Executing task task_07_create_branch_and_pr (attempt 1/1)
2026-09-07T22:58:22 [INFO] [task_runner] Executing task task_08_create_branch_issue_pr (attempt 1/1)
2026-09-07T22:59:02 [INFO] [task_runner] Executing task task_09_branch_issue_pr_label (attempt 1/1)
2026-09-07T22:59:46 [INFO] [task_runner] Executing task task_10_issue_label_comment_close (attempt 1/1)
2026-09-07T23:00:07 [INFO] [task_runner] Executing task task_11_branch_pr_merge (attempt 1/1)
2026-09-07T23:00:24 [INFO] [task_runner] Executing task task_12_repository_and_issue (attempt 1/1)
2026-09-07T23:03:18 [INFO] [task_runner] Starting task runner session with PID 23292
2026-09-07T23:03:18 [INFO] [task_runner] Executing task task_01_create_issue (attempt 1/1)
2026-09-07T23:03:18 [INFO] [task_runner] Executing task task_02_create_issue_with_label (attempt 1/1)
2026-09-07T23:03:18 [INFO] [task_runner] Starting task runner session with PID 23292
2026-09-07T23:03:18 [INFO] [task_runner] Executing task task_01_create_issue (attempt 1/1)
2026-09-07T23:03:18 [INFO] [task_runner] Starting task runner session with PID 23292
2026-09-07T23:03:18 [INFO] [task_runner] Executing task task_01_create_issue (attempt 1/1)
2026-09-07T23:03:18 [INFO] [task_runner] Starting task runner session with PID 23292
2026-09-07T23:03:18 [INFO] [task_runner] Executing task task_01_create_issue (attempt 1/1)
2026-09-07T23:03:18 [INFO] [task_runner] Starting task runner session with PID 23292
2026-09-07T23:03:18 [INFO] [task_runner] Sandbox initialised: owner=testowner run_id=<MagicMock name='mock.run_id' id='2281710600272'>
2026-09-07T23:03:18 [INFO] [task_runner] Starting task runner session with PID 23292
2026-09-07T23:17:49 [INFO] [task_runner] Starting task runner session with PID 10668
2026-09-07T23:17:51 [INFO] [task_runner] Sandbox initialised: owner=bharath-rdy4 run_id=e703b074
2026-09-07T23:18:32 [INFO] [task_runner] Executing task task_01_create_issue (attempt 1/1)
2026-09-07T23:18:56 [INFO] [task_runner] Executing task task_02_create_issue_with_label (attempt 1/1)
2026-09-07T23:19:13 [INFO] [task_runner] Executing task task_03_create_branch (attempt 1/1)
2026-09-07T23:19:24 [INFO] [task_runner] Executing task task_04_create_branch_and_issue (attempt 1/1)
2026-09-07T23:19:51 [INFO] [task_runner] Executing task task_05_create_issue_and_comment (attempt 1/1)
2026-09-07T23:20:12 [INFO] [task_runner] Executing task task_06_create_and_update_issue (attempt 1/1)
2026-09-07T23:20:30 [INFO] [task_runner] Executing task task_07_create_branch_and_pr (attempt 1/1)
2026-09-07T23:20:56 [INFO] [task_runner] Executing task task_08_create_branch_issue_pr (attempt 1/1)
2026-09-07T23:21:33 [INFO] [task_runner] Executing task task_09_branch_issue_pr_label (attempt 1/1)
2026-09-07T23:29:16 [INFO] [task_runner] Starting task runner session with PID 19196
2026-09-07T23:29:16 [INFO] [task_runner] Executing task task_01_create_issue (attempt 1/1)
2026-09-07T23:29:16 [INFO] [task_runner] Executing task task_02_create_issue_with_label (attempt 1/1)
2026-09-07T23:29:16 [INFO] [task_runner] Starting task runner session with PID 19196
2026-09-07T23:29:16 [INFO] [task_runner] Executing task task_01_create_issue (attempt 1/1)
2026-09-07T23:29:16 [INFO] [task_runner] Starting task runner session with PID 19196
2026-09-07T23:29:16 [INFO] [task_runner] Executing task task_01_create_issue (attempt 1/1)
2026-09-07T23:29:16 [INFO] [task_runner] Starting task runner session with PID 19196
2026-09-07T23:29:16 [INFO] [task_runner] Executing task task_01_create_issue (attempt 1/1)
2026-09-07T23:29:16 [INFO] [task_runner] Starting task runner session with PID 19196
2026-09-07T23:29:16 [INFO] [task_runner] Sandbox initialised: owner=testowner run_id=<MagicMock name='mock.run_id' id='2513981997472'>
2026-09-07T23:29:16 [INFO] [task_runner] Starting task runner session with PID 19196
2026-09-07T23:29:52 [INFO] [task_runner] Starting task runner session with PID 11540
2026-09-07T23:29:53 [INFO] [task_runner] Sandbox initialised: owner=bharath-rdy4 run_id=a7d5df25
2026-09-07T23:30:32 [INFO] [task_runner] Executing task task_01_create_issue (attempt 1/1)
2026-09-07T23:30:51 [INFO] [task_runner] Executing task task_02_create_issue_with_label (attempt 1/1)
2026-09-07T23:31:08 [INFO] [task_runner] Executing task task_03_create_branch (attempt 1/1)
2026-09-07T23:31:20 [INFO] [task_runner] Executing task task_04_create_branch_and_issue (attempt 1/1)
2026-09-07T23:31:46 [INFO] [task_runner] Executing task task_05_create_issue_and_comment (attempt 1/1)
2026-09-07T23:34:26 [INFO] [task_runner] Starting task runner session with PID 25248
2026-09-07T23:34:28 [INFO] [task_runner] Sandbox initialised: owner=bharath-rdy4 run_id=3cb151d8
2026-09-07T23:34:50 [INFO] [task_runner] Executing task task_01_create_issue (attempt 1/1)
2026-09-07T23:35:09 [INFO] [task_runner] Executing task task_02_create_issue_with_label (attempt 1/1)
2026-09-07T23:35:25 [INFO] [task_runner] Executing task task_03_create_branch (attempt 1/1)
2026-09-07T23:35:38 [INFO] [task_runner] Executing task task_04_create_branch_and_issue (attempt 1/1)
2026-09-07T23:36:03 [INFO] [task_runner] Executing task task_05_create_issue_and_comment (attempt 1/1)
2026-09-08T07:52:31 [INFO] [task_runner] Starting task runner session with PID 23152
2026-09-08T07:52:31 [INFO] [task_runner] Executing task task_01_create_issue (attempt 1/1)
2026-09-08T07:52:31 [INFO] [task_runner] Executing task task_02_create_issue_with_label (attempt 1/1)
2026-09-08T07:52:31 [INFO] [task_runner] Starting task runner session with PID 23152
2026-09-08T07:52:31 [INFO] [task_runner] Executing task task_01_create_issue (attempt 1/1)
2026-09-08T07:52:31 [INFO] [task_runner] Starting task runner session with PID 23152
2026-09-08T07:52:31 [INFO] [task_runner] Executing task task_01_create_issue (attempt 1/1)
2026-09-08T07:52:31 [INFO] [task_runner] Starting task runner session with PID 23152
2026-09-08T07:52:31 [INFO] [task_runner] Executing task task_01_create_issue (attempt 1/1)
2026-09-08T07:52:31 [INFO] [task_runner] Starting task runner session with PID 23152
2026-09-08T07:52:31 [INFO] [task_runner] Sandbox initialised: owner=testowner run_id=<MagicMock name='mock.run_id' id='2729803201376'>
2026-09-08T07:52:31 [INFO] [task_runner] Starting task runner session with PID 23152
2026-09-08T08:59:50 [INFO] [task_runner] Starting task runner session with PID 25284
2026-09-08T08:59:51 [INFO] [task_runner] Sandbox initialised: owner=bharath-rdy4 run_id=7d218a11
2026-09-08T09:00:09 [INFO] [task_runner] Executing task task_01_create_issue (attempt 1/1)
2026-09-08T09:00:32 [INFO] [task_runner] Executing task task_02_create_issue_with_label (attempt 1/1)
2026-09-08T09:00:46 [INFO] [task_runner] Executing task task_03_create_branch (attempt 1/1)
2026-09-08T09:00:58 [INFO] [task_runner] Executing task task_04_create_branch_and_issue (attempt 1/1)
2026-09-08T09:01:20 [INFO] [task_runner] Executing task task_05_create_issue_and_comment (attempt 1/1)
2026-09-09T16:53:45 [INFO] [task_runner] Starting task runner session with PID 22844
2026-09-09T16:53:47 [INFO] [task_runner] Sandbox initialised: owner=bharath-rdy4 run_id=a15cc3e5
2026-09-09T16:54:12 [INFO] [task_runner] Executing task task_01_create_issue (attempt 1/1)
2026-09-09T16:54:33 [INFO] [task_runner] Executing task task_02_create_issue_with_label (attempt 1/1)
2026-09-09T16:54:48 [INFO] [task_runner] Executing task task_03_create_branch (attempt 1/1)
2026-09-09T16:55:00 [INFO] [task_runner] Executing task task_04_create_branch_and_issue (attempt 1/1)
2026-09-09T16:55:27 [INFO] [task_runner] Executing task task_05_create_issue_and_comment (attempt 1/1)
2026-09-09T17:02:32 [INFO] [task_runner] Starting task runner session with PID 8340
2026-09-09T17:02:32 [INFO] [task_runner] Executing task task_01_create_issue (attempt 1/1)
2026-09-09T17:02:32 [INFO] [task_runner] Executing task task_02_create_issue_with_label (attempt 1/1)
2026-09-09T17:02:32 [INFO] [task_runner] Starting task runner session with PID 8340
2026-09-09T17:02:32 [INFO] [task_runner] Executing task task_01_create_issue (attempt 1/1)
2026-09-09T17:02:32 [INFO] [task_runner] Starting task runner session with PID 8340
2026-09-09T17:02:32 [INFO] [task_runner] Executing task task_01_create_issue (attempt 1/1)
2026-09-09T17:02:32 [INFO] [task_runner] Starting task runner session with PID 8340
2026-09-09T17:02:32 [INFO] [task_runner] Executing task task_01_create_issue (attempt 1/1)
2026-09-09T17:02:32 [INFO] [task_runner] Starting task runner session with PID 8340
2026-09-09T17:02:32 [INFO] [task_runner] Sandbox initialised: owner=testowner run_id=<MagicMock name='mock.run_id' id='2180805317296'>
2026-09-09T17:02:32 [INFO] [task_runner] Starting task runner session with PID 8340
2026-09-09T17:03:36 [INFO] [task_runner] Starting task runner session with PID 13436
2026-09-09T17:03:37 [INFO] [task_runner] Sandbox initialised: owner=bharath-rdy4 run_id=0a6dd9be
2026-09-09T17:04:02 [WARNING] [task_runner] Sandbox pre-run reset encountered an error: 'charmap' codec can't encode character '\u2713' in position 2: character maps to <undefined>
2026-09-09T17:04:02 [INFO] [task_runner] Executing task task_05_create_issue_and_comment (attempt 1/1)
2026-09-09T17:04:57 [INFO] [task_runner] Starting task runner session with PID 22900
2026-09-09T17:04:58 [INFO] [task_runner] Sandbox initialised: owner=bharath-rdy4 run_id=36fccdf9
2026-09-09T17:05:12 [INFO] [task_runner] Executing task task_05_create_issue_and_comment (attempt 1/1)
2026-09-09T17:05:44 [INFO] [task_runner] Starting task runner session with PID 21484
2026-09-09T17:05:46 [INFO] [task_runner] Sandbox initialised: owner=bharath-rdy4 run_id=c02202d5
2026-09-09T17:05:59 [INFO] [task_runner] Executing task task_01_create_issue (attempt 1/1)
2026-09-09T17:06:22 [INFO] [task_runner] Executing task task_02_create_issue_with_label (attempt 1/1)
2026-09-09T17:06:38 [INFO] [task_runner] Executing task task_03_create_branch (attempt 1/1)
2026-09-09T17:06:53 [INFO] [task_runner] Executing task task_04_create_branch_and_issue (attempt 1/1)
2026-09-09T17:07:25 [INFO] [task_runner] Executing task task_05_create_issue_and_comment (attempt 1/1)
2026-09-09T17:07:48 [INFO] [task_runner] Executing task task_06_create_and_update_issue (attempt 1/1)
2026-09-09T17:12:37 [INFO] [task_runner] Starting task runner session with PID 11216
2026-09-09T17:12:39 [INFO] [task_runner] Sandbox initialised: owner=bharath-rdy4 run_id=a96dc986
2026-09-09T17:13:05 [INFO] [task_runner] Executing task task_01_create_issue (attempt 1/1)
2026-09-09T17:13:32 [INFO] [task_runner] Executing task task_02_create_issue_with_label (attempt 1/1)
2026-09-09T17:13:51 [INFO] [task_runner] Executing task task_03_create_branch (attempt 1/1)
2026-09-09T17:14:07 [INFO] [task_runner] Executing task task_04_create_branch_and_issue (attempt 1/1)
2026-09-09T17:14:43 [INFO] [task_runner] Executing task task_05_create_issue_and_comment (attempt 1/1)
2026-09-09T17:15:03 [INFO] [task_runner] Executing task task_06_create_and_update_issue (attempt 1/1)
2026-09-09T17:15:29 [INFO] [task_runner] Executing task task_07_create_branch_and_pr (attempt 1/1)
2026-09-09T17:25:02 [INFO] [task_runner] Starting task runner session with PID 5772
2026-09-09T17:25:10 [INFO] [task_runner] Starting task runner session with PID 24536
2026-09-09T17:25:11 [INFO] [task_runner] Sandbox initialised: owner=bharath-rdy4 run_id=4b260ca9
2026-09-09T17:25:11 [INFO] [task_runner] Executing task task_07_create_branch_and_pr (attempt 1/1)
2026-09-09T17:30:32 [INFO] [task_runner] Starting task runner session with PID 27512
2026-09-09T17:30:34 [INFO] [task_runner] Sandbox initialised: owner=bharath-rdy4 run_id=e1c995ca
2026-09-09T17:31:04 [INFO] [task_runner] Executing task task_01_create_issue (attempt 1/1)
2026-09-09T17:31:27 [INFO] [task_runner] Executing task task_02_create_issue_with_label (attempt 1/1)
2026-09-09T17:31:48 [INFO] [task_runner] Executing task task_03_create_branch (attempt 1/1)
2026-09-09T17:32:01 [INFO] [task_runner] Executing task task_04_create_branch_and_issue (attempt 1/1)
2026-09-09T17:32:32 [INFO] [task_runner] Executing task task_05_create_issue_and_comment (attempt 1/1)
2026-09-09T17:32:55 [INFO] [task_runner] Executing task task_06_create_and_update_issue (attempt 1/1)
2026-09-09T17:33:16 [INFO] [task_runner] Executing task task_07_create_branch_and_pr (attempt 1/1)
2026-09-09T17:33:48 [INFO] [task_runner] Executing task task_08_create_branch_issue_pr (attempt 1/1)
2026-09-09T17:34:45 [INFO] [task_runner] Executing task task_09_branch_issue_pr_label (attempt 1/1)
2026-09-09T17:35:53 [INFO] [task_runner] Executing task task_10_issue_label_comment_close (attempt 1/1)
2026-09-09T17:36:19 [INFO] [task_runner] Executing task task_11_branch_pr_merge (attempt 1/1)
2026-09-09T17:37:03 [INFO] [task_runner] Executing task task_12_repository_and_issue (attempt 1/1)
2026-09-09T17:37:33 [INFO] [task_runner] Executing task task_13_repo_branch_issue_pr (attempt 1/1)
2026-09-09T17:39:57 [INFO] [task_runner] Starting task runner session with PID 22724
2026-09-09T17:39:58 [INFO] [task_runner] Sandbox initialised: owner=bharath-rdy4 run_id=5d4fa7fb
2026-09-09T17:39:58 [INFO] [task_runner] Executing task task_08_create_branch_issue_pr (attempt 1/1)
2026-09-09T17:40:51 [INFO] [task_runner] Executing task task_09_branch_issue_pr_label (attempt 1/1)
2026-09-09T17:41:54 [INFO] [task_runner] Starting task runner session with PID 26284
2026-09-09T17:41:55 [INFO] [task_runner] Sandbox initialised: owner=bharath-rdy4 run_id=3e99573b
2026-09-09T17:41:55 [INFO] [task_runner] Executing task task_08_create_branch_issue_pr (attempt 1/1)
2026-09-09T18:22:19 [INFO] [task_runner] Executing task task_09_branch_issue_pr_label (attempt 1/1)
2026-09-09T18:22:20 [INFO] [task_runner] Executing task task_10_issue_label_comment_close (attempt 1/1)
2026-09-09T18:22:20 [INFO] [task_runner] Executing task task_11_branch_pr_merge (attempt 1/1)
2026-09-09T18:22:21 [INFO] [task_runner] Executing task task_12_repository_and_issue (attempt 1/1)
2026-09-09T20:41:40 [INFO] [task_runner] Executing task task_13_repo_branch_issue_pr (attempt 1/1)
2026-09-09T20:42:19 [INFO] [task_runner] Starting task runner session with PID 12488
2026-09-09T20:42:20 [INFO] [task_runner] Sandbox initialised: owner=bharath-rdy4 run_id=5c48e2d6
2026-09-09T20:42:20 [INFO] [task_runner] Executing task task_08_create_branch_issue_pr (attempt 1/1)
2026-09-09T20:43:15 [INFO] [task_runner] Executing task task_09_branch_issue_pr_label (attempt 1/1)
2026-09-09T20:44:13 [INFO] [task_runner] Executing task task_10_issue_label_comment_close (attempt 1/1)
2026-09-09T20:44:47 [INFO] [task_runner] Executing task task_11_branch_pr_merge (attempt 1/1)
2026-09-09T20:45:52 [INFO] [task_runner] Executing task task_12_repository_and_issue (attempt 1/1)
2026-09-09T20:46:26 [INFO] [task_runner] Executing task task_13_repo_branch_issue_pr (attempt 1/1)
2026-09-09T20:48:04 [INFO] [task_runner] Starting task runner session with PID 15964
2026-09-09T20:48:06 [INFO] [task_runner] Sandbox initialised: owner=bharath-rdy4 run_id=44dacb03
2026-09-09T20:49:01 [INFO] [task_runner] Executing task task_08_create_branch_issue_pr (attempt 1/1)
2026-09-09T20:49:54 [INFO] [task_runner] Executing task task_09_branch_issue_pr_label (attempt 1/1)
2026-09-09T20:51:08 [INFO] [task_runner] Executing task task_10_issue_label_comment_close (attempt 1/1)
2026-09-09T20:51:39 [INFO] [task_runner] Executing task task_11_branch_pr_merge (attempt 1/1)
2026-09-09T20:52:06 [INFO] [task_runner] Starting task runner session with PID 29236
2026-09-09T20:52:07 [INFO] [task_runner] Sandbox initialised: owner=bharath-rdy4 run_id=18d09eaf
2026-09-09T20:52:35 [INFO] [task_runner] Executing task task_01_create_issue (attempt 1/1)
2026-09-09T20:53:02 [INFO] [task_runner] Executing task task_02_create_issue_with_label (attempt 1/1)
2026-09-09T20:53:27 [INFO] [task_runner] Executing task task_03_create_branch (attempt 1/1)
2026-09-09T20:53:50 [INFO] [task_runner] Executing task task_04_create_branch_and_issue (attempt 1/1)
2026-09-09T20:54:19 [INFO] [task_runner] Executing task task_05_create_issue_and_comment (attempt 1/1)
2026-09-09T20:58:52 [INFO] [task_runner] Starting task runner session with PID 16552
2026-09-09T20:58:54 [INFO] [task_runner] Sandbox initialised: owner=bharath-rdy4 run_id=07cc7785
2026-09-09T20:59:17 [INFO] [task_runner] Executing task task_01_create_issue (attempt 1/1)
2026-09-09T20:59:42 [INFO] [task_runner] Executing task task_02_create_issue_with_label (attempt 1/1)
2026-09-09T21:00:03 [INFO] [task_runner] Executing task task_03_create_branch (attempt 1/1)
2026-09-09T21:01:43 [INFO] [task_runner] Starting task runner session with PID 24452
2026-09-09T21:01:44 [INFO] [task_runner] Sandbox initialised: owner=bharath-rdy4 run_id=ee9443d7
2026-09-09T21:02:04 [INFO] [task_runner] Executing task task_01_create_issue (attempt 1/1)
2026-09-09T21:03:03 [INFO] [task_runner] Executing task task_02_create_issue_with_label (attempt 1/1)
2026-09-09T21:03:24 [INFO] [task_runner] Executing task task_03_create_branch (attempt 1/1)
2026-09-09T21:04:13 [INFO] [task_runner] Executing task task_04_create_branch_and_issue (attempt 1/1)
2026-09-09T21:04:43 [INFO] [task_runner] Executing task task_05_create_issue_and_comment (attempt 1/1)
2026-09-09T21:05:21 [INFO] [task_runner] Executing task task_06_create_and_update_issue (attempt 1/1)
2026-09-09T21:05:47 [INFO] [task_runner] Executing task task_07_create_branch_and_pr (attempt 1/1)
2026-09-09T21:06:18 [INFO] [task_runner] Executing task task_08_create_branch_issue_pr (attempt 1/1)
2026-09-09T21:07:03 [INFO] [task_runner] Executing task task_09_branch_issue_pr_label (attempt 1/1)
2026-09-09T21:07:49 [INFO] [task_runner] Executing task task_10_issue_label_comment_close (attempt 1/1)
2026-09-09T21:08:17 [INFO] [task_runner] Executing task task_11_branch_pr_merge (attempt 1/1)
2026-09-09T21:09:01 [INFO] [task_runner] Executing task task_12_repository_and_issue (attempt 1/1)
2026-09-09T21:09:58 [INFO] [task_runner] Executing task task_13_repo_branch_issue_pr (attempt 1/1)
2026-09-09T21:29:56 [INFO] [task_runner] Starting task runner session with PID 23244
2026-09-09T21:29:56 [INFO] [task_runner] Executing task task_01_create_issue (attempt 1/1)
2026-09-09T21:29:56 [INFO] [task_runner] Executing task task_02_create_issue_with_label (attempt 1/1)
2026-09-09T21:29:56 [INFO] [task_runner] Starting task runner session with PID 23244
2026-09-09T21:29:56 [INFO] [task_runner] Executing task task_01_create_issue (attempt 1/1)
2026-09-09T21:29:56 [INFO] [task_runner] Starting task runner session with PID 23244
2026-09-09T21:29:56 [INFO] [task_runner] Executing task task_01_create_issue (attempt 1/1)
2026-09-09T21:29:56 [INFO] [task_runner] Starting task runner session with PID 23244
2026-09-09T21:29:56 [INFO] [task_runner] Executing task task_01_create_issue (attempt 1/1)
2026-09-09T21:29:56 [INFO] [task_runner] Starting task runner session with PID 23244
2026-09-09T21:30:09 [INFO] [task_runner] Starting task runner session with PID 25276
2026-09-09T21:30:09 [INFO] [task_runner] Executing task task_01_create_issue (attempt 1/1)
2026-09-09T21:30:09 [INFO] [task_runner] Executing task task_02_create_issue_with_label (attempt 1/1)
2026-09-09T21:30:09 [INFO] [task_runner] Starting task runner session with PID 25276
2026-09-09T21:30:09 [INFO] [task_runner] Executing task task_01_create_issue (attempt 1/1)
2026-09-09T21:30:09 [INFO] [task_runner] Starting task runner session with PID 25276
2026-09-09T21:30:09 [INFO] [task_runner] Executing task task_01_create_issue (attempt 1/1)
2026-09-09T21:30:09 [INFO] [task_runner] Starting task runner session with PID 25276
2026-09-09T21:30:09 [INFO] [task_runner] Executing task task_01_create_issue (attempt 1/1)
2026-09-09T21:30:09 [INFO] [task_runner] Starting task runner session with PID 25276
2026-09-09T21:30:09 [INFO] [task_runner] Sandbox initialised: owner=testowner run_id=<MagicMock name='mock.run_id' id='1738727683952'>
2026-09-09T21:30:09 [INFO] [task_runner] Starting task runner session with PID 25276
2026-09-09T22:13:36 [INFO] [task_runner] Starting task runner session with PID 28468
2026-09-09T22:13:38 [INFO] [task_runner] Sandbox initialised: owner=bharath-rdy4 run_id=95b230d6
2026-09-09T22:14:26 [INFO] [task_runner] Executing task task_01_create_issue (attempt 1/1)
2026-09-09T22:14:51 [INFO] [task_runner] Executing task task_02_create_issue_with_label (attempt 1/1)
2026-09-09T22:15:06 [INFO] [task_runner] Executing task task_03_create_branch (attempt 1/1)
2026-09-09T22:15:19 [INFO] [task_runner] Executing task task_04_create_branch_and_issue (attempt 1/1)
2026-09-09T22:15:46 [INFO] [task_runner] Executing task task_05_create_issue_and_comment (attempt 1/1)
2026-09-09T22:17:28 [INFO] [task_runner] Executing task task_06_create_and_update_issue (attempt 1/1)
2026-09-09T22:17:47 [INFO] [task_runner] Executing task task_07_create_branch_and_pr (attempt 1/1)
2026-09-09T22:18:15 [INFO] [task_runner] Executing task task_08_create_branch_issue_pr (attempt 1/1)
2026-09-09T22:18:59 [INFO] [task_runner] Executing task task_09_branch_issue_pr_label (attempt 1/1)
2026-09-09T22:19:47 [INFO] [task_runner] Executing task task_10_issue_label_comment_close (attempt 1/1)
2026-09-09T22:21:03 [INFO] [task_runner] Executing task task_11_branch_pr_merge (attempt 1/1)
2026-09-09T22:22:23 [INFO] [task_runner] Executing task task_12_repository_and_issue (attempt 1/1)
2026-09-09T22:24:18 [INFO] [task_runner] Executing task task_13_repo_branch_issue_pr (attempt 1/1)
2026-09-09T22:36:25 [INFO] [task_runner] Starting task runner session with PID 3880
2026-09-09T22:36:27 [INFO] [task_runner] Sandbox initialised: owner=bharath-rdy4 run_id=252ac9a1
2026-09-09T22:37:16 [INFO] [task_runner] Executing task task_01_create_issue (attempt 1/1)
2026-09-09T22:38:17 [INFO] [task_runner] Executing task task_02_create_issue_with_label (attempt 1/1)
2026-09-09T22:38:54 [INFO] [task_runner] Executing task task_03_create_branch (attempt 1/1)
2026-09-09T22:39:31 [INFO] [task_runner] Executing task task_04_create_branch_and_issue (attempt 1/1)
2026-09-09T22:40:38 [INFO] [task_runner] Executing task task_05_create_issue_and_comment (attempt 1/1)
2026-09-09T22:41:43 [INFO] [task_runner] Executing task task_06_create_and_update_issue (attempt 1/1)
2026-09-09T22:42:07 [INFO] [task_runner] Executing task task_07_create_branch_and_pr (attempt 1/1)
2026-09-09T22:42:33 [INFO] [task_runner] Executing task task_08_create_branch_issue_pr (attempt 1/1)
2026-09-09T22:43:16 [INFO] [task_runner] Executing task task_09_branch_issue_pr_label (attempt 1/1)
2026-09-09T22:43:56 [INFO] [task_runner] Executing task task_10_issue_label_comment_close (attempt 1/1)
2026-09-09T22:44:21 [INFO] [task_runner] Executing task task_11_branch_pr_merge (attempt 1/1)
2026-09-09T22:44:54 [INFO] [task_runner] Executing task task_12_repository_and_issue (attempt 1/1)
2026-09-09T22:45:18 [INFO] [task_runner] Executing task task_13_repo_branch_issue_pr (attempt 1/1)
2026-09-09T22:49:10 [INFO] [task_runner] Starting task runner session with PID 15004
2026-09-09T22:49:12 [INFO] [task_runner] Sandbox initialised: owner=bharath-rdy4 run_id=429ef5dd
2026-09-09T22:50:00 [INFO] [task_runner] Executing task task_13_repo_branch_issue_pr (attempt 1/1)
2026-09-09T22:53:12 [INFO] [task_runner] Starting task runner session with PID 17128
2026-09-09T22:53:13 [INFO] [task_runner] Sandbox initialised: owner=bharath-rdy4 run_id=e7abaecd
2026-09-09T22:53:27 [INFO] [task_runner] Executing task task_01_create_issue (attempt 1/1)
2026-09-09T22:54:13 [INFO] [task_runner] Executing task task_02_create_issue_with_label (attempt 1/1)
2026-09-09T22:55:01 [INFO] [task_runner] Executing task task_03_create_branch (attempt 1/1)
2026-09-09T22:55:39 [INFO] [task_runner] Executing task task_04_create_branch_and_issue (attempt 1/1)
2026-09-09T22:56:12 [INFO] [task_runner] Executing task task_05_create_issue_and_comment (attempt 1/1)
2026-09-09T22:56:35 [INFO] [task_runner] Executing task task_06_create_and_update_issue (attempt 1/1)
2026-09-09T22:56:55 [INFO] [task_runner] Executing task task_07_create_branch_and_pr (attempt 1/1)
2026-09-09T22:57:28 [INFO] [task_runner] Executing task task_08_create_branch_issue_pr (attempt 1/1)
2026-09-09T22:58:10 [INFO] [task_runner] Executing task task_09_branch_issue_pr_label (attempt 1/1)
2026-09-09T22:59:23 [INFO] [task_runner] Executing task task_10_issue_label_comment_close (attempt 1/1)
2026-09-09T22:59:50 [INFO] [task_runner] Executing task task_11_branch_pr_merge (attempt 1/1)
2026-09-09T23:00:23 [INFO] [task_runner] Executing task task_12_repository_and_issue (attempt 1/1)
2026-09-09T23:01:11 [INFO] [task_runner] Executing task task_13_repo_branch_issue_pr (attempt 1/1)
2026-09-09T23:04:14 [INFO] [task_runner] Starting task runner session with PID 6020
2026-09-09T23:04:16 [INFO] [task_runner] Sandbox initialised: owner=bharath-rdy4 run_id=5217331b
2026-09-09T23:05:04 [INFO] [task_runner] Executing task task_01_create_issue (attempt 1/1)
2026-09-09T23:06:26 [INFO] [task_runner] Executing task task_02_create_issue_with_label (attempt 1/1)
2026-09-09T23:06:58 [INFO] [task_runner] Executing task task_03_create_branch (attempt 1/1)
2026-09-09T23:07:11 [INFO] [task_runner] Executing task task_04_create_branch_and_issue (attempt 1/1)
2026-09-09T23:07:41 [INFO] [task_runner] Executing task task_05_create_issue_and_comment (attempt 1/1)
2026-09-09T23:08:03 [INFO] [task_runner] Executing task task_06_create_and_update_issue (attempt 1/1)
2026-09-09T23:08:24 [INFO] [task_runner] Executing task task_07_create_branch_and_pr (attempt 1/1)
2026-09-09T23:08:52 [INFO] [task_runner] Executing task task_08_create_branch_issue_pr (attempt 1/1)
2026-09-09T23:09:35 [INFO] [task_runner] Executing task task_09_branch_issue_pr_label (attempt 1/1)
2026-09-09T23:10:38 [INFO] [task_runner] Executing task task_10_issue_label_comment_close (attempt 1/1)
2026-09-09T23:11:04 [INFO] [task_runner] Executing task task_11_branch_pr_merge (attempt 1/1)
2026-09-09T23:11:38 [INFO] [task_runner] Executing task task_12_repository_and_issue (attempt 1/1)
2026-09-09T23:12:26 [INFO] [task_runner] Executing task task_13_repo_branch_issue_pr (attempt 1/1)
2026-09-09T23:18:38 [INFO] [task_runner] Starting task runner session with PID 12796
2026-09-09T23:18:40 [INFO] [task_runner] Sandbox initialised: owner=bharath-rdy4 run_id=e8d70415
2026-09-09T23:19:24 [INFO] [task_runner] Executing task task_09_branch_issue_pr_label (attempt 1/1)
2026-09-09T23:26:16 [INFO] [task_runner] Starting task runner session with PID 22472
2026-09-09T23:27:05 [INFO] [task_runner] Starting task runner session with PID 23344
2026-09-09T23:27:07 [INFO] [task_runner] Sandbox initialised: owner=bharath-rdy4 run_id=57bcfef6
2026-09-09T23:27:26 [INFO] [task_runner] Executing task task_09_branch_issue_pr_label (attempt 1/1)
2026-09-09T23:32:30 [INFO] [task_runner] Starting task runner session with PID 27428
2026-09-09T23:32:31 [INFO] [task_runner] Sandbox initialised: owner=bharath-rdy4 run_id=0d484aa3
2026-09-09T23:32:50 [INFO] [task_runner] Executing task task_13_repo_branch_issue_pr (attempt 1/1)
2026-09-09T23:35:53 [INFO] [task_runner] Starting task runner session with PID 20084
2026-09-09T23:35:55 [INFO] [task_runner] Sandbox initialised: owner=bharath-rdy4 run_id=28a8378f
2026-09-09T23:36:10 [INFO] [task_runner] Executing task task_01_create_issue (attempt 1/1)
2026-09-09T23:36:32 [INFO] [task_runner] Executing task task_02_create_issue_with_label (attempt 1/1)
2026-09-09T23:37:05 [INFO] [task_runner] Executing task task_03_create_branch (attempt 1/1)
2026-09-09T23:37:21 [INFO] [task_runner] Executing task task_04_create_branch_and_issue (attempt 1/1)
2026-09-09T23:37:54 [INFO] [task_runner] Executing task task_05_create_issue_and_comment (attempt 1/1)
2026-09-09T23:38:16 [INFO] [task_runner] Executing task task_06_create_and_update_issue (attempt 1/1)
2026-09-09T23:38:55 [INFO] [task_runner] Executing task task_07_create_branch_and_pr (attempt 1/1)
2026-09-09T23:39:22 [INFO] [task_runner] Executing task task_08_create_branch_issue_pr (attempt 1/1)
2026-09-09T23:40:05 [INFO] [task_runner] Executing task task_09_branch_issue_pr_label (attempt 1/1)
2026-09-09T23:40:50 [INFO] [task_runner] Executing task task_10_issue_label_comment_close (attempt 1/1)
2026-09-09T23:41:19 [INFO] [task_runner] Executing task task_11_branch_pr_merge (attempt 1/1)
2026-09-09T23:41:56 [INFO] [task_runner] Executing task task_12_repository_and_issue (attempt 1/1)
2026-09-09T23:42:23 [INFO] [task_runner] Executing task task_13_repo_branch_issue_pr (attempt 1/1)
2026-09-09T23:45:11 [INFO] [task_runner] Starting task runner session with PID 16124
2026-09-09T23:45:12 [INFO] [task_runner] Sandbox initialised: owner=bharath-rdy4 run_id=a635c089
2026-09-09T23:46:03 [INFO] [task_runner] Executing task task_06_create_and_update_issue (attempt 1/1)
2026-09-09T23:47:14 [INFO] [task_runner] Starting task runner session with PID 17248
2026-09-09T23:47:15 [INFO] [task_runner] Sandbox initialised: owner=bharath-rdy4 run_id=70191b31
2026-09-09T23:47:32 [INFO] [task_runner] Executing task task_01_create_issue (attempt 1/1)
2026-09-09T23:48:09 [INFO] [task_runner] Executing task task_02_create_issue_with_label (attempt 1/1)
2026-09-09T23:48:20 [INFO] [task_runner] Starting task runner session with PID 5572
2026-09-09T23:48:21 [INFO] [task_runner] Sandbox initialised: owner=bharath-rdy4 run_id=c167098a
2026-09-09T23:48:29 [INFO] [task_runner] Executing task task_03_create_branch (attempt 1/1)
2026-09-09T23:48:39 [INFO] [task_runner] Executing task task_01_create_issue (attempt 1/1)
2026-09-09T23:48:41 [INFO] [task_runner] Executing task task_04_create_branch_and_issue (attempt 1/1)
2026-09-09T23:49:01 [INFO] [task_runner] Executing task task_02_create_issue_with_label (attempt 1/1)
2026-09-09T23:49:08 [INFO] [task_runner] Executing task task_05_create_issue_and_comment (attempt 1/1)
2026-09-09T23:49:23 [INFO] [task_runner] Executing task task_03_create_branch (attempt 1/1)
2026-09-09T23:49:32 [INFO] [task_runner] Executing task task_06_create_and_update_issue (attempt 1/1)
2026-09-09T23:49:37 [INFO] [task_runner] Executing task task_04_create_branch_and_issue (attempt 1/1)
2026-09-09T23:49:56 [INFO] [task_runner] Executing task task_07_create_branch_and_pr (attempt 1/1)
2026-09-09T23:50:07 [INFO] [task_runner] Executing task task_05_create_issue_and_comment (attempt 1/1)
2026-09-09T23:50:24 [INFO] [task_runner] Executing task task_08_create_branch_issue_pr (attempt 1/1)
2026-09-09T23:50:36 [INFO] [task_runner] Executing task task_06_create_and_update_issue (attempt 1/1)
2026-09-09T23:51:05 [INFO] [task_runner] Executing task task_07_create_branch_and_pr (attempt 1/1)
2026-09-09T23:51:14 [INFO] [task_runner] Executing task task_09_branch_issue_pr_label (attempt 1/1)
2026-09-09T23:51:37 [INFO] [task_runner] Executing task task_08_create_branch_issue_pr (attempt 1/1)
2026-09-09T23:51:59 [INFO] [task_runner] Executing task task_10_issue_label_comment_close (attempt 1/1)
2026-09-09T23:52:23 [INFO] [task_runner] Executing task task_09_branch_issue_pr_label (attempt 1/1)
2026-09-09T23:52:32 [INFO] [task_runner] Executing task task_11_branch_pr_merge (attempt 1/1)
2026-09-09T23:53:10 [INFO] [task_runner] Executing task task_12_repository_and_issue (attempt 1/1)
2026-09-09T23:53:14 [INFO] [task_runner] Executing task task_10_issue_label_comment_close (attempt 1/1)
2026-09-09T23:53:54 [INFO] [task_runner] Executing task task_13_repo_branch_issue_pr (attempt 1/1)
2026-09-09T23:53:56 [INFO] [task_runner] Executing task task_11_branch_pr_merge (attempt 1/1)
2026-09-09T23:55:03 [INFO] [task_runner] Executing task task_12_repository_and_issue (attempt 1/1)
2026-09-09T23:56:01 [INFO] [task_runner] Executing task task_13_repo_branch_issue_pr (attempt 1/1)
2026-09-09T23:56:21 [INFO] [task_runner] Starting task runner session with PID 31256
2026-09-09T23:56:22 [INFO] [task_runner] Sandbox initialised: owner=bharath-rdy4 run_id=bd99c40b
2026-09-09T23:57:12 [INFO] [task_runner] Executing task task_10_issue_label_comment_close (attempt 1/1)
2026-09-09T23:59:15 [INFO] [task_runner] Starting task runner session with PID 18416
2026-09-09T23:59:17 [INFO] [task_runner] Sandbox initialised: owner=bharath-rdy4 run_id=ed8688aa
2026-09-09T23:59:36 [INFO] [task_runner] Executing task task_06_create_and_update_issue (attempt 1/1)
2026-09-10T00:09:38 [INFO] [task_runner] Starting task runner session with PID 18724
2026-09-10T00:09:38 [INFO] [task_runner] Executing task task_01_create_issue (attempt 1/1)
2026-09-10T00:09:38 [INFO] [task_runner] Executing task task_02_create_issue_with_label (attempt 1/1)
2026-09-10T00:09:38 [INFO] [task_runner] Starting task runner session with PID 18724
2026-09-10T00:09:38 [INFO] [task_runner] Executing task task_01_create_issue (attempt 1/1)
2026-09-10T00:09:38 [INFO] [task_runner] Starting task runner session with PID 18724
2026-09-10T00:09:38 [INFO] [task_runner] Executing task task_01_create_issue (attempt 1/1)
2026-09-10T00:09:38 [INFO] [task_runner] Starting task runner session with PID 18724
2026-09-10T00:09:38 [INFO] [task_runner] Executing task task_01_create_issue (attempt 1/1)
2026-09-10T00:09:38 [INFO] [task_runner] Starting task runner session with PID 18724
2026-09-10T00:09:38 [INFO] [task_runner] Sandbox initialised: owner=testowner run_id=<MagicMock name='mock.run_id' id='2476390786992'>
2026-09-10T00:09:38 [INFO] [task_runner] Starting task runner session with PID 18724
2026-09-10T00:09:58 [INFO] [task_runner] Starting task runner session with PID 9952
2026-09-10T00:09:58 [INFO] [task_runner] Executing task task_01_create_issue (attempt 1/1)
2026-09-10T00:09:58 [INFO] [task_runner] Executing task task_02_create_issue_with_label (attempt 1/1)
2026-09-10T00:09:58 [INFO] [task_runner] Starting task runner session with PID 9952
2026-09-10T00:09:58 [INFO] [task_runner] Executing task task_01_create_issue (attempt 1/1)
2026-09-10T00:09:58 [INFO] [task_runner] Starting task runner session with PID 9952
2026-09-10T00:09:58 [INFO] [task_runner] Executing task task_01_create_issue (attempt 1/1)
2026-09-10T00:09:58 [INFO] [task_runner] Starting task runner session with PID 9952
2026-09-10T00:09:58 [INFO] [task_runner] Executing task task_01_create_issue (attempt 1/1)
2026-09-10T00:09:58 [INFO] [task_runner] Starting task runner session with PID 9952
2026-09-10T00:09:58 [INFO] [task_runner] Sandbox initialised: owner=testowner run_id=<MagicMock name='mock.run_id' id='1910658734064'>
2026-09-10T00:09:58 [INFO] [task_runner] Starting task runner session with PID 9952
2026-09-10T00:10:04 [INFO] [task_runner] Starting task runner session with PID 21732
2026-09-10T00:10:06 [INFO] [task_runner] Sandbox initialised: owner=bharath-rdy4 run_id=1bbd78f6
2026-09-10T00:10:24 [INFO] [task_runner] Executing task task_01_create_issue (attempt 1/1)
2026-09-10T00:11:04 [INFO] [task_runner] Starting task runner session with PID 31720
2026-09-10T00:11:06 [INFO] [task_runner] Sandbox initialised: owner=bharath-rdy4 run_id=a13afa1c
2026-09-10T00:11:24 [INFO] [task_runner] Executing task task_06_create_and_update_issue (attempt 1/1)
2026-09-10T00:12:00 [INFO] [task_runner] Starting task runner session with PID 16616
2026-09-10T00:12:00 [INFO] [task_runner] Executing task task_01_create_issue (attempt 1/1)
2026-09-10T00:12:00 [INFO] [task_runner] Executing task task_02_create_issue_with_label (attempt 1/1)
2026-09-10T00:12:00 [INFO] [task_runner] Starting task runner session with PID 16616
2026-09-10T00:12:00 [INFO] [task_runner] Executing task task_01_create_issue (attempt 1/1)
2026-09-10T00:12:00 [INFO] [task_runner] Starting task runner session with PID 16616
2026-09-10T00:12:00 [INFO] [task_runner] Executing task task_01_create_issue (attempt 1/1)
2026-09-10T00:12:00 [INFO] [task_runner] Starting task runner session with PID 16616
2026-09-10T00:12:00 [INFO] [task_runner] Executing task task_01_create_issue (attempt 1/1)
2026-09-10T00:12:00 [INFO] [task_runner] Starting task runner session with PID 16616
2026-09-10T00:12:00 [INFO] [task_runner] Sandbox initialised: owner=testowner run_id=<MagicMock name='mock.run_id' id='2313422378992'>
2026-09-10T00:12:00 [INFO] [task_runner] Starting task runner session with PID 16616
2026-09-10T00:12:18 [INFO] [task_runner] Starting task runner session with PID 12512
2026-09-10T00:12:20 [INFO] [task_runner] Sandbox initialised: owner=bharath-rdy4 run_id=1bdbc4b2
2026-09-10T00:12:38 [INFO] [task_runner] Executing task task_01_create_issue (attempt 1/1)
2026-09-10T00:13:04 [INFO] [task_runner] Executing task task_02_create_issue_with_label (attempt 1/1)
2026-09-10T00:13:24 [INFO] [task_runner] Executing task task_03_create_branch (attempt 1/1)
2026-09-10T00:13:37 [INFO] [task_runner] Executing task task_04_create_branch_and_issue (attempt 1/1)
2026-09-10T00:14:08 [INFO] [task_runner] Executing task task_05_create_issue_and_comment (attempt 1/1)
2026-09-10T00:14:31 [INFO] [task_runner] Executing task task_06_create_and_update_issue (attempt 1/1)
2026-09-10T00:14:54 [INFO] [task_runner] Executing task task_07_create_branch_and_pr (attempt 1/1)
2026-09-10T00:15:40 [INFO] [task_runner] Executing task task_08_create_branch_issue_pr (attempt 1/1)
2026-09-10T00:16:46 [INFO] [task_runner] Executing task task_09_branch_issue_pr_label (attempt 1/1)
2026-09-10T00:17:31 [INFO] [task_runner] Executing task task_10_issue_label_comment_close (attempt 1/1)
2026-09-10T00:18:01 [INFO] [task_runner] Executing task task_11_branch_pr_merge (attempt 1/1)
2026-09-10T00:26:51 [INFO] [task_runner] Executing task task_12_repository_and_issue (attempt 1/1)
2026-09-10T00:27:43 [INFO] [task_runner] Executing task task_13_repo_branch_issue_pr (attempt 1/1)
